election_id,person_slug,candidate_name,label,citation_id,basis,override,note
54,,James Robertson,Social-Democrat,st-19011109-p4-a083,read,,"spoke at his own meeting giving ""his views as Social-Democrat""; confirms the DB label"
59,alexander-ratter,,Working Men's Association,st-19051111-p4-a071,read,,"one of the two candidates the Working Men's Association ran; he and Sinclair thanked the electors ""as Working-Class Representatives"" (p1 a007). DB had no label"
61,,Charles Gordon Addison,Socialist,st-19071109-p4-a063,read,,"""the Socialist had no fewer than 165 plumpers""; M. L. Manson his agent. Confirms the DB label"
63,james-laing,,Socialist,st-19101105-p4-a077,read,,"the 1910 report: ""the nominee of the local Socialists Party"" was Mr James Laing last year. Confirms the DB label"
63,james-loggie,,Independent,st-19091106-p4-a070,read,,"his circular said ""he stood as an independent candidate"""
68,laurence-sandison,,Socialist,st-19131108-p4-a064,read,,"""the two Socialist candidates"" issued a joint circular. Confirms the DB label"
68,david-sutherland,,Socialist,st-19131108-p4-a064,read,,"""the two Socialist candidates"" issued a joint circular. Confirms the DB label"
68,peter-goodlad,,Sunday Closing,st-19131108-p4-a064,read,,"the Sunday Closing Committee's circular favoured his candidature; ""Return of Sunday-Closing Candidates"""
68,laurence-laurenson-ii,,Sunday Closing,st-19131108-p4-a064,read,,"the Sunday Closing Committee's circular favoured his candidature; ""Return of Sunday-Closing Candidates"""
68,andrew-smith,,Sunday Closing,st-19131108-p4-a064,read,,"the Sunday Closing Committee's circular favoured his candidature; ""Return of Sunday-Closing Candidates"""
68,william-smith-ii,,Sunday Closing,st-19131108-p4-a064,read,,"the Sunday Closing Committee's circular favoured his candidature; ""Return of Sunday-Closing Candidates"""
