citation_id,target_type,target,basis,note
mb-p47,term,andrew-duncan-ii@1829-09-03,,
mb-p53,term,magnus-burns@1830-04-21,,
mb-p258,term,alfred-stove@1874-09-03,,
mb-p258,term,andrew-jamieson@1874-09-03,,
mb-p258,term,christopher-sandison@1874-09-03,,
mb-p258,term,george-tait@1874-09-03,,
mb-p258,term,john-leisk@1874-09-03,,
mb-p258,term,john-leslie-i@1874-09-03,,
mb-p258,term,laurence-stove@1874-09-03,,
mb-p258,term,robert-stout-i@1874-09-03,,
mb-p258,term,william-duncan-i@1874-09-03,,
mb-p258,term,william-robertson@1874-09-03,,
mb-p258,term,william-sievwright-ii@1874-09-03,,
st-18841101,term,arthur-hay@1881-11-08,,
st-18841101,term,james-tulloch@1881-11-08,,
st-18841101,term,john-robertson-i@1881-11-08,,
st-18841101,term,john-robertson-ii@1881-11-08,,
st-18841101,term,william-duncan-i@1881-11-08,,
st-18851121-p3-a049,term,laurence-stove@1883-11-06,,
st-18861023-p2-a044,term,laurence-stove@1883-11-06,,
st-18861016-p2-a048,term,john-harrison-i@1884-11-04,,
st-18861016-p2-a035,term,john-harrison-i@1884-11-04,,
st-18851121-p3-a049,term,alexander-mitchell-i@1885-11-03,,
st-18881006-p3-a068,term,alexander-mitchell-i@1885-11-03,,
st-18851121-p3-a049,term,james-hunter-ii@1885-11-03,,
st-18870108-p3-a048,term,james-hunter-ii@1885-11-03,,
st-18851121-p3-a049,term,james-tulloch@1885-11-03,,
st-18881006-p3-a068,term,james-tulloch@1885-11-03,,
st-18851121-p3-a049,term,william-duncan-i@1885-11-03,,
st-18860717-p2-a043,term,william-duncan-i@1885-11-03,,
st-18860717-p2-a045,term,william-duncan-i@1885-11-03,,
st-18861016-p2-a035,term,william-duncan-i@1885-11-03,,
st-18861030-p2-a033,term,andrew-jamieson@1886-11-02,,
st-18881006-p3-a068,term,andrew-jamieson@1886-11-02,,
st-18861030-p2-a033,term,francis-halcrow@1886-11-02,,
st-18891026-p2-a014,term,francis-halcrow@1886-11-02,,
st-18861030-p2-a033,term,gilbert-harrison@1886-11-02,,
st-18891026-p2-a014,term,gilbert-harrison@1886-11-02,,
st-18861030-p2-a033,term,john-leisk@1886-11-02,,
st-18891026-p2-a014,term,john-leisk@1886-11-02,,
st-18861030-p2-a033,term,laurence-stove@1886-11-02,,
st-18891026-p2-a014,term,laurence-stove@1886-11-02,,
st-18861120-p2-a032,term,charles-robertson@1886-11-19,,
st-18861120-p2-a032,term,john-anderson@1886-11-19,,
st-18870319-p2-a054,term,arthur-porteous@1887-03-18,,
st-18881103-p2-a044,term,alexander-mitchell-i@1888-11-08,,
st-18891019-p2-a051,term,alexander-mitchell-i@1888-11-08,,
st-18891102-p3-a097,term,francis-halcrow@1889-11-05,,
st-18891102-p3-a097,term,george-kay@1889-11-05,,
st-18891102-p3-a097,term,gilbert-harrison@1889-11-05,,
st-18891102-p3-a097,term,john-leisk@1889-11-05,,
st-18891102-p3-a097,term,robert-hunter-i@1889-11-05,,
st-18951019-p2-a069,term,francis-halcrow@1892-11-01,,
st-18951019-p2-a069,term,george-kay@1892-11-01,,
st-18951019-p2-a069,term,gilbert-harrison@1892-11-01,,
st-18951019-p2-a069,term,robert-hunter-i@1892-11-01,,
st-18961024-p2-a029,term,arthur-porteous@1893-11-02,,
st-18961024-p2-a029,term,john-robertson-ii@1893-11-02,,
st-18961024-p2-a029,term,peter-goodlad@1893-11-02,,
st-18941110-p2-a040,term,archibald-garriock@1894-11-06,,
st-18941110-p2-a030,term,archibald-garriock@1894-11-06,,
st-18971016-p4-a091,term,archibald-garriock@1894-11-06,,
st-18971016-p4-a091,term,arthur-laing@1894-11-06,,
st-18971016-p4-a091,term,james-goudie@1894-11-06,,
st-18971016-p4-a091,term,john-leisk@1894-11-06,,
st-18981008-p5-a080,term,john-leisk@1894-11-06,,
st-18981029-p4-a055,term,john-leisk@1894-11-06,,
st-18951019-p2-a069,term,alfred-stove@1895-11-05,,
st-18981008-p5-a080,term,alfred-stove@1895-11-05,,
st-18981029-p4-a055,term,alfred-stove@1895-11-05,,
st-18971016-p4-a091,term,francis-halcrow@1895-11-05,,
st-18981008-p5-a080,term,george-kay@1895-11-05,,
st-18981029-p4-a055,term,george-kay@1895-11-05,,
st-18981008-p5-a080,term,gilbert-harrison@1895-11-05,,
st-18981029-p4-a055,term,gilbert-harrison@1895-11-05,,
st-18961024-p2-a029,term,robert-hunter-i@1895-11-05,,
st-18991028-p4-a101,term,arthur-porteous@1896-11-03,,
st-18991028-p4-a101,term,john-robertson-ii@1896-11-03,,
st-18991028-p4-a101,term,peter-goodlad@1896-11-03,,
st-18991028-p4-a101,term,robert-hunter-i@1896-11-03,,
st-19001013-p4-a058,term,arthur-laing@1897-11-02,,
st-19001013-p4-a058,term,francis-halcrow@1897-11-02,,
st-19001013-p4-a058,term,james-goudie@1897-11-02,,
st-18981029-p4-a055,term,alfred-stove@1898-11-01,,
st-19011005-p5-a063,term,alfred-stove@1898-11-01,,
st-19011005-p4-a046,term,alfred-stove@1898-11-01,,
st-19011019-p5-a044,term,alfred-stove@1898-11-01,,
st-19001013-p4-a058,term,george-kay@1898-11-01,,
st-19011005-p5-a063,term,gilbert-harrison@1898-11-01,,
st-19011005-p4-a046,term,gilbert-harrison@1898-11-01,,
st-19011005-p4-a046,term,john-leisk@1898-11-01,,
st-18991111-p5-a117,term,arthur-porteous@1899-11-07,,
st-19021011-p4-a069,term,arthur-porteous@1899-11-07,,
st-18991111-p5-a117,term,donald-morrison@1899-11-07,,
st-19021011-p4-a069,term,donald-morrison@1899-11-07,,
st-18991111-p5-a117,term,john-robertson-ii@1899-11-07,,
st-19021011-p4-a069,term,john-robertson-ii@1899-11-07,,
st-18991111-p5-a117,term,peter-goodlad@1899-11-07,,
st-19021011-p4-a069,term,peter-goodlad@1899-11-07,,
st-19001013-p4-a058,term,sinclair-johnson@1899-11-07,,
st-19001013-p8-a132,term,sinclair-johnson@1899-11-07,,
st-19011005-p5-a063,term,sinclair-johnson@1899-11-07,,
st-19011005-p4-a046,term,sinclair-johnson@1899-11-07,,
st-19001103-p4-a088,term,arthur-laing@1900-11-06,,
st-19031010-p5-a067,term,arthur-laing@1900-11-06,,
st-19001103-p4-a088,term,francis-halcrow@1900-11-06,,
st-19031010-p5-a067,term,francis-halcrow@1900-11-06,,
st-19001103-p4-a088,term,george-kay@1900-11-06,,
st-19031010-p5-a067,term,george-kay@1900-11-06,,
st-19001103-p4-a088,term,james-goudie@1900-11-06,,
st-19031010-p5-a067,term,james-goudie@1900-11-06,,
st-19011102-p1-a009,term,gilbert-harrison@1901-11-05,,
st-19011109-p4-a083,term,gilbert-harrison@1901-11-05,,
st-19041105-p4-a112,term,gilbert-harrison@1901-11-05,,
st-19011102-p1-a009,term,john-irvine-iii@1901-11-05,,
st-19011109-p4-a083,term,john-irvine-iii@1901-11-05,,
st-19041105-p4-a112,term,john-irvine-iii@1901-11-05,,
st-19011102-p1-a009,term,john-leisk@1901-11-05,,
st-19011109-p4-a083,term,john-leisk@1901-11-05,,
st-19041105-p4-a112,term,john-leisk@1901-11-05,,
st-19011102-p1-a009,term,sinclair-johnson@1901-11-05,,
st-19011109-p4-a083,term,sinclair-johnson@1901-11-05,,
st-19041105-p4-a112,term,sinclair-johnson@1901-11-05,,
st-19021108-p4-a078,term,arthur-porteous@1902-11-04,,
st-19051014-p4-a047,term,arthur-porteous@1902-11-04,,
st-19021108-p4-a078,term,donald-morrison@1902-11-04,,
st-19051014-p4-a047,term,donald-morrison@1902-11-04,,
st-19021108-p4-a078,term,john-robertson-ii@1902-11-04,,
st-19050204-p4-a044,term,john-robertson-ii@1902-11-04,,
st-19050211-p5-a057,term,john-robertson-ii@1902-11-04,,
st-19021108-p4-a078,term,peter-goodlad@1902-11-04,,
st-19051014-p4-a047,term,peter-goodlad@1902-11-04,,
st-19031107-p4-a058,term,arthur-laing@1903-11-03,,
st-19061006-p5-a125,term,arthur-laing@1903-11-03,,
st-19031107-p4-a058,term,george-kay@1903-11-03,,
st-19061006-p5-a125,term,george-kay@1903-11-03,,
st-19031107-p4-a058,term,james-goudie@1903-11-03,,
st-19061006-p5-a125,term,james-goudie@1903-11-03,,
st-19071005-p5-a113,term,james-goudie@1903-11-03,,
st-19071012-p4-a094,term,james-goudie@1903-11-03,,
st-19031107-p4-a058,term,robert-ganson-i@1903-11-03,,
st-19061006-p5-a125,term,robert-ganson-i@1903-11-03,,
st-19041105-p4-a112,term,gilbert-harrison@1904-11-01,,
st-19071005-p5-a113,term,gilbert-harrison@1904-11-01,,
st-19041105-p4-a112,term,john-irvine-iii@1904-11-01,,
st-19071005-p5-a113,term,john-irvine-iii@1904-11-01,,
st-19041105-p4-a112,term,john-sinclair@1904-11-01,,
st-19061006-p5-a125,term,john-sinclair@1904-11-01,,
st-19041105-p4-a112,term,sinclair-johnson@1904-11-01,,
st-19071005-p5-a113,term,sinclair-johnson@1904-11-01,,
st-19081010-p5-a122,term,alexander-ratter@1905-11-07,,
st-19081017-p1-a014,term,alexander-ratter@1905-11-07,,
st-19081010-p5-a122,term,arthur-porteous@1905-11-07,,
st-19091009-p5-a163,term,arthur-porteous@1905-11-07,,
st-19101008-p5-a085,term,arthur-porteous@1905-11-07,,
st-19101015-p4-a078,term,arthur-porteous@1905-11-07,,
st-19081010-p5-a122,term,peter-goodlad@1905-11-07,,
st-19081017-p1-a014,term,peter-goodlad@1905-11-07,,
st-19081010-p5-a122,term,william-sinclair@1905-11-07,,
st-19081017-p1-a014,term,william-sinclair@1905-11-07,,
st-19091009-p5-a163,term,arthur-laing@1906-11-06,,
st-19091016-p1-a007,term,arthur-laing@1906-11-06,,
st-19091009-p5-a163,term,james-laing@1906-11-06,,
st-19091016-p1-a007,term,james-laing@1906-11-06,,
st-19081010-p5-a122,term,robert-ganson-i@1906-11-06,,
st-19081017-p1-a014,term,robert-ganson-i@1906-11-06,,
st-19091009-p5-a163,term,robert-stout-i@1906-11-06,,
st-19091016-p1-a007,term,robert-stout-i@1906-11-06,,
st-19101008-p5-a085,term,andrew-smith@1907-11-05,,
st-19101015-p4-a078,term,andrew-smith@1907-11-05,,
st-19091211-p4-a078,term,john-irvine-iii@1907-11-05,,
st-19091009-p5-a163,term,john-smith-i@1907-11-05,,
st-19091016-p1-a007,term,john-smith-i@1907-11-05,,
st-19101008-p5-a085,term,william-smith-ii@1907-11-05,,
st-19101015-p4-a078,term,william-smith-ii@1907-11-05,,
st-19081107-p4-a149,term,alexander-ratter@1908-11-03,,
st-19111007-p4-a108,term,alexander-ratter@1908-11-03,,
st-19111014-p1-a004,term,alexander-ratter@1908-11-03,,
st-19081107-p1-a020,term,peter-goodlad@1908-11-03,,
st-19111007-p4-a108,term,peter-goodlad@1908-11-03,,
st-19111014-p1-a004,term,peter-goodlad@1908-11-03,,
st-19081107-p4-a149,term,robert-ganson-i@1908-11-03,,
st-19111007-p4-a108,term,robert-ganson-i@1908-11-03,,
st-19111014-p1-a004,term,robert-ganson-i@1908-11-03,,
st-19081107-p4-a149,term,william-sinclair@1908-11-03,,
st-19111007-p4-a108,term,william-sinclair@1908-11-03,,
st-19111014-p1-a004,term,william-sinclair@1908-11-03,,
st-19121012-p4-a101,term,arthur-laing@1909-11-02,,
st-19121109-p4-a078,term,arthur-laing@1909-11-02,,
st-19131011-p4-a062,term,arthur-laing@1909-11-02,,
st-19131101-p4-a057,term,arthur-laing@1909-11-02,,
st-19091106-p1-a006,term,james-laing@1909-11-02,,
st-19121005-p4-a068,term,james-laing@1909-11-02,,
st-19121005-p4-a066,term,james-laing@1909-11-02,,
st-19121012-p4-a101,term,james-laing@1909-11-02,,
st-19091106-p1-a006,term,john-smith-i@1909-11-02,,
st-19121005-p4-a066,term,john-smith-i@1909-11-02,,
st-19121012-p4-a101,term,john-smith-i@1909-11-02,,
st-19091106-p1-a006,term,robert-stout-i@1909-11-02,,
st-19121005-p4-a068,term,robert-stout-i@1909-11-02,,
st-19121005-p4-a066,term,robert-stout-i@1909-11-02,,
st-19121012-p4-a101,term,robert-stout-i@1909-11-02,,
st-19100108-p4-a071,term,james-loggie@1910-01-04,,
st-19101008-p5-a085,term,james-loggie@1910-01-04,,
st-19101015-p4-a078,term,james-loggie@1910-01-04,,
st-19101105-p4-a077,term,andrew-smith@1910-11-01,,
st-19131011-p4-a062,term,andrew-smith@1910-11-01,,
st-19121012-p4-a101,term,james-loggie@1910-11-01,,
st-19121102-p4-a074,term,james-loggie@1910-11-01,,
st-19121116-p4-a061,term,james-loggie@1910-11-01,,
st-19121012-p4-a101,term,william-macdougall@1910-11-01,,
st-19120406-p4-a076,term,william-macdougall@1910-11-01,,
st-19121005-p4-a068,term,william-macdougall@1910-11-01,,
st-19101105-p4-a077,term,william-smith-ii@1910-11-01,,
st-19131011-p4-a062,term,william-smith-ii@1910-11-01,,
st-19111007-p4-a108,term,alexander-ratter@1911-11-07,,
st-19111014-p1-a004,term,alexander-ratter@1911-11-07,,
st-19111111-p4-a093,term,alexander-ratter@1911-11-07,,
st-19141024-p4-a063,term,alexander-ratter@1911-11-07,,
st-19141031-p4-a059,term,alexander-ratter@1911-11-07,,
st-19131011-p4-a062,term,peter-goodlad@1911-11-07,,
st-19111007-p4-a108,term,robert-ganson-i@1911-11-07,,
st-19111014-p1-a004,term,robert-ganson-i@1911-11-07,,
st-19111111-p4-a093,term,robert-ganson-i@1911-11-07,,
st-19141024-p4-a063,term,robert-ganson-i@1911-11-07,,
st-19141031-p4-a059,term,robert-ganson-i@1911-11-07,,
st-19111007-p4-a108,term,william-sinclair@1911-11-07,,
st-19111014-p1-a004,term,william-sinclair@1911-11-07,,
st-19111111-p4-a093,term,william-sinclair@1911-11-07,,
st-19141024-p4-a063,term,william-sinclair@1911-11-07,,
st-19141031-p4-a059,term,william-sinclair@1911-11-07,,
st-19150703,term,james-grierson@1912-11-05,,
st-19150710-p4-a079,term,james-grierson@1912-11-05,,
st-19191018-p5-a082,term,james-laing@1912-11-05,,
st-19141024-p4-a063,term,john-smith-i@1912-11-05,,
st-19141031-p4-a059,term,john-smith-i@1912-11-05,,
st-19191018-p5-a082,term,robert-ramsay@1912-11-05,,
st-19150410,term,robert-stout-i@1912-11-05,,
st-19150417-p4-a086,term,robert-stout-i@1912-11-05,,
st-19131108-p4-a064,term,andrew-smith@1913-11-04,,
st-19131108-p4-a064,term,laurence-laurenson-ii@1913-11-04,,
st-19160715-p4-a082,term,laurence-laurenson-ii@1913-11-04,,
st-19131108-p4-a064,term,peter-goodlad@1913-11-04,,
sn-19150427,term,peter-goodlad@1913-11-04,,
sn-19150501-p4-a038,term,peter-goodlad@1913-11-04,,
st-19191018-p5-a082,term,peter-goodlad@1913-11-04,,
st-19131108-p4-a064,term,william-smith-ii@1913-11-04,,
st-19161111-p5-a098,term,william-smith-ii@1913-11-04,,
st-19141031-p4-a059,term,alexander-ratter@1914-11-03,,
st-19191018-p5-a082,term,alexander-ratter@1914-11-03,,
st-19141031-p4-a059,term,john-smith-i@1914-11-03,,
st-19191018-p5-a082,term,john-smith-i@1914-11-03,,
st-19141031-p4-a059,term,robert-ganson-i@1914-11-03,,
st-19191018-p5-a082,term,robert-ganson-i@1914-11-03,,
st-19141031-p4-a059,term,william-sinclair@1914-11-03,,
st-19191018-p5-a082,term,william-sinclair@1914-11-03,,
sn-19150427,term,john-sinclair@1915-04-27,,
sn-19150501-p4-a038,term,john-sinclair@1915-04-27,,
st-19191018-p5-a082,term,john-sinclair@1915-04-27,,
st-19150807-p4-a093,term,charles-stout@1915-08-03,,
st-19191018-p5-a082,term,charles-stout@1915-08-03,,
st-19160805-p5-a107,term,john-henderson@1916-08-01,,
st-19191018-p5-a082,term,john-henderson@1916-08-01,,
st-19160909-p4-a075,term,magnus-manson@1916-09-05,,
st-19191018-p5-a082,term,magnus-manson@1916-09-05,,
st-19161209-p4-a110,term,hugh-robertson@1916-12-05,,
st-19170106-p5-a113,term,hugh-robertson@1916-12-05,,
st-19191018-p5-a082,term,hugh-robertson@1916-12-05,,
st-19191018-p5-a082,term,alexander-ratter@1919-11-04,,
st-19201016-p1-a009,term,alexander-ratter@1919-11-04,,
st-19221014-p4-a066,term,james-laing@1919-11-04,,
st-19221014-p4-a083,term,james-laing@1919-11-04,,
st-19221104-p5-a283,term,james-laing@1919-11-04,,
st-19221014-p4-a066,term,james-morrison@1919-11-04,,
st-19221014-p4-a083,term,james-morrison@1919-11-04,,
st-19221104-p5-a283,term,james-morrison@1919-11-04,,
st-19191108-p4-a089,term,james-pottinger-iii@1919-11-04,,
st-19191108-p4-a077,term,james-pottinger-iii@1919-11-04,,
st-19210423-p4-a116,term,james-pottinger-iii@1919-11-04,,
st-19210611-p5-a101,term,james-pottinger-iii@1919-11-04,,
st-19211008-p5-a111,term,john-sinclair@1919-11-04,,
st-19211008-p5-a115,term,john-sinclair@1919-11-04,,
st-19211015-p4-a121,term,john-sinclair@1919-11-04,,
st-19191018-p5-a082,term,john-smith-i@1919-11-04,,
st-19211008-p5-a115,term,john-smith-i@1919-11-04,,
st-19211015-p4-a121,term,john-smith-i@1919-11-04,,
st-19221014-p4-a066,term,magnus-manson@1919-11-04,,
st-19221014-p4-a083,term,magnus-manson@1919-11-04,,
st-19221104-p5-a283,term,magnus-manson@1919-11-04,,
st-19191018-p5-a082,term,peter-goodlad@1919-11-04,,
st-19201016-p1-a009,term,peter-goodlad@1919-11-04,,
st-19210514-p4-a099,term,peter-goodlad@1919-11-04,,
st-19191018-p5-a082,term,robert-ganson-i@1919-11-04,,
st-19201016-p1-a009,term,robert-ganson-i@1919-11-04,,
st-19211008-p5-a115,term,robert-ollason@1919-11-04,,
st-19211015-p4-a121,term,robert-ollason@1919-11-04,,
st-19211008-p5-a115,term,robert-ramsay@1919-11-04,,
st-19211015-p4-a121,term,robert-ramsay@1919-11-04,,
st-19191018-p5-a082,term,william-sinclair@1919-11-04,,
st-19201016-p1-a009,term,william-sinclair@1919-11-04,,
st-19201016-p1-a009,term,alexander-ratter@1920-11-02,,
st-19231006-p4-a058,term,alexander-ratter@1920-11-02,,
st-19231013-p4-a094,term,alexander-ratter@1920-11-02,,
st-19221014-p4-a066,term,george-duffin@1920-11-02,,
st-19221014-p4-a083,term,george-duffin@1920-11-02,,
st-19221104-p5-a283,term,george-duffin@1920-11-02,,
st-19201016-p1-a009,term,george-duffin@1920-11-02,,
st-19201016-p1-a009,term,robert-ganson-i@1920-11-02,,
st-19231006-p4-a058,term,robert-ganson-i@1920-11-02,,
st-19231013-p4-a094,term,robert-ganson-i@1920-11-02,,
st-19201016-p1-a009,term,william-sinclair@1920-11-02,,
st-19211008-p5-a111,term,william-sinclair@1920-11-02,,
st-19211008-p5-a115,term,william-sinclair@1920-11-02,,
st-19210611-p5-a101,term,james-goodlad@1921-06-07,,
st-19211008-p5-a115,term,james-goodlad@1921-06-07,,
st-19211015-p4-a121,term,james-goodlad@1921-06-07,,
st-19211008-p5-a115,term,alexander-manson@1921-11-01,,
st-19231006-p4-a058,term,alexander-manson@1921-11-01,,
st-19231013-p4-a094,term,alexander-manson@1921-11-01,,
st-19211008-p5-a115,term,david-murray@1921-11-01,,
st-19231006-p4-a058,term,david-murray@1921-11-01,,
st-19231013-p4-a094,term,david-murray@1921-11-01,,
st-19341103-p4-a045,term,george-duffin@1931-11-03,,
st-19341103-p4-a045,term,laurence-cogle@1931-11-03,,
st-19341103-p4-a045,term,magnus-manson@1931-11-03,,
st-19351102,term,alexander-manson@1932-11-01,,
st-19351102,term,james-morrison@1932-11-01,,
st-19341006-p4-a037,term,laurence-sandison@1932-11-01,,
st-19341013-p4-a088,term,laurence-sandison@1932-11-01,,
st-19351102,term,robert-ganson-ii@1932-11-01,,
st-19341013-p4-a087,term,thomas-johnston-ii@1932-11-01,,
st-19341013-p4-a088,term,thomas-johnston-ii@1932-11-01,,
st-19341103-p4-a045,term,thomas-johnston-ii@1932-11-01,,
st-19331118-p5-a098,term,thomas-johnston-ii@1932-11-01,,
st-19351102,term,charlotte-nicol@1933-11-07,,
st-19371009,term,james-smith-i@1934-11-06,,
st-19410607-p2-a070,term,james-smith-i@1934-11-06,,
st-19410705-p2-a031,term,james-smith-i@1934-11-06,,
st-19371030,term,john-robertson-iv@1934-11-06,,
st-19360509-p4-a073,term,laurence-cogle@1934-11-06,,
st-19360711-p4-a101,term,laurence-cogle@1934-11-06,,
st-19371030,term,laurence-laurenson-iii@1934-11-06,,
st-19371030,term,peter-dalziel@1934-11-06,,
st-19380730-p4-a083,term,alexander-manson@1935-11-05,,
st-19380827,term,alexander-manson@1935-11-05,,
st-19371009,term,charlotte-nicol@1935-11-05,,
st-19360704-p5-a106,term,george-duffin@1935-11-05,,
st-19360711-p4-a101,term,george-duffin@1935-11-05,,
st-19351102,term,robert-ganson-ii@1935-11-05,,
st-19381029,term,robert-ganson-ii@1935-11-05,inferred,the preview's issue date is taken from John A. Williamson's row (ST 29 Oct 1938)
st-19360711-p4-a101,term,thomas-sinclair@1936-07-07,,
st-19360711-p4-a106,term,thomas-sinclair@1936-07-07,,
st-19360808-p4-a068,term,thomas-irvine-ii@1936-08-04,,
st-19360808-p4-a074,term,thomas-irvine-ii@1936-08-04,,
st-19401228-p4-a062,term,adam-halcrow-i@1936-11-03,,
st-19410111-p5-a048,term,adam-halcrow-i@1936-11-03,,
st-19381029,term,magnus-shearer-i@1936-11-03,inferred,the preview's issue date is taken from John A. Williamson's row (ST 29 Oct 1938)
st-19381029,term,thomas-irvine-ii@1936-11-03,inferred,the preview's issue date is taken from John A. Williamson's row (ST 29 Oct 1938)
st-19371009,term,thomas-sinclair@1936-11-03,,
st-19361114-p4-a119,term,erling-clausen@1936-11-10,,
st-19371009,term,erling-clausen@1936-11-10,,
st-19371106-p4-a072,term,erling-clausen@1937-11-02,,
st-19380108-p4-a076,term,erling-clausen@1937-11-02,,
st-19380101-p4-a080,term,erling-clausen@1937-11-02,,
st-19461004-p5-a071,term,james-aitken@1937-11-02,,
st-19371106-p4-a072,term,james-laing@1937-11-02,,
st-19451116-p3-a076,term,james-laing@1937-11-02,,
st-19451214-p3-a076,term,james-laing@1937-11-02,,
st-19410809-p2-a070,term,joseph-linklater@1937-11-02,,
st-19410809-p2-a072,term,joseph-linklater@1937-11-02,,
st-19411011-p2-a034,term,joseph-linklater@1937-11-02,,
st-19461004-p5-a071,term,william-anderson-i@1937-11-02,,
st-19371106-p4-a072,term,william-smith-iii@1937-11-02,,
st-19420228,term,william-smith-iii@1937-11-02,,
st-19420307-p2-a033,term,william-smith-iii@1937-11-02,,
st-19380205-p4-a077,term,peter-dalziel@1938-02-01,,
st-19381029,term,peter-dalziel@1938-02-01,inferred,the preview's issue date is taken from John A. Williamson's row (ST 29 Oct 1938)
st-19380827,term,john-williamson-iii@1938-08-18,,
st-19381029,term,john-williamson-iii@1938-08-18,,
st-19381105-p4-a093,term,magnus-shearer-i@1938-11-01,,
st-19470606-p4-a084,term,magnus-shearer-i@1938-11-01,,
st-19461004-p5-a071,term,peter-dalziel@1938-11-01,,
st-19471010-p4-a083,term,robert-ganson-ii@1938-11-01,,
st-19470704-p5-a098,term,peter-dalziel@1947-07-01,,
st-19471010-p4-a083,term,peter-dalziel@1947-07-01,,
st-19410809-p2-a070,term,thomas-irvine-ii@1938-11-01,,
st-19411011-p2-a034,term,thomas-irvine-ii@1938-11-01,,
st-19381105-p4-a093,term,william-sinclair@1938-11-01,,
st-19400525-p4-a077,term,william-sinclair@1938-11-01,,
st-19400608-p5-a094,term,william-sinclair@1938-11-01,,
st-19400713-p2-a028,term,andrew-mouat@1940-07-02,,
st-19451005-p2-a041,term,andrew-mouat@1940-07-02,,
st-19410111-p5-a048,term,john-williamson-iii@1941-01-07,,
st-19410111-p5-a054,term,john-williamson-iii@1941-01-07,,
st-19451005-p2-a041,term,john-williamson-iii@1941-01-07,,
st-19410705-p2-a031,term,arthur-johnson@1941-07-01,,
st-19451005-p2-a041,term,arthur-johnson@1941-07-01,,
st-19411011-p2-a034,term,charles-inkster@1941-10-07,,
st-19441006-p3-a059,term,charles-inkster@1941-10-07,,
st-19411011-p2-a034,term,john-gear@1941-10-07,,
st-19430206-p2-a057,term,john-gear@1941-10-07,,
st-19420404-p2-a041,term,thomas-sinclair@1942-03-31,,
st-19451005-p2-a041,term,thomas-sinclair@1942-03-31,,
st-19430213-p2-a080,term,robert-anderson-i@1943-02-11,,
st-19451005-p2-a041,term,robert-anderson-i@1943-02-11,,
st-19441110-p2-a042,term,prophet-smith@1944-11-07,,
st-19450112-p3-a048,term,prophet-smith@1944-11-07,,
st-19450209-p2-a044,term,alexander-morrison@1945-02-06,,
st-19451005-p2-a041,term,alexander-morrison@1945-02-06,,
st-19471010-p4-a083,term,alexander-morrison@1945-11-06,,
st-19471010-p4-a084,term,alexander-morrison@1945-11-06,,
st-19451109-p2-a047,term,david-gray-ii@1945-11-06,,
st-19460308-p2-a016,term,david-gray-ii@1945-11-06,,
st-19490311-p5-a074,term,james-peterson@1945-11-06,,
st-19490311-p5-a074,term,laurence-smith@1945-11-06,,
st-19471010-p4-a083,term,robert-anderson-i@1945-11-06,,
st-19471010-p4-a084,term,robert-anderson-i@1945-11-06,,
st-19490311-p5-a074,term,robert-ollason@1945-11-06,,
st-19510413-p4-a047,term,robert-ollason@1945-11-06,,
st-19510413-p4-a048,term,robert-ollason@1945-11-06,,
st-19451214-p3-a076,term,arthur-johnson@1945-12-10,,
st-19461004-p5-a071,term,arthur-johnson@1945-12-10,,
st-19490311-p5-a074,term,arthur-johnson@1946-11-05,,
st-19500317-p4-a053,term,george-burgess@1946-11-05,,
st-19500317-p4-a053,term,james-aitken@1946-11-05,,
st-19461108-p4-a059,term,james-brownlie@1946-11-05,,
st-19461108-p4-a061,term,james-brownlie@1946-11-05,,
st-19490916-p5-a055,term,james-brownlie@1946-11-05,,
st-19490311-p5-a074,term,william-anderson-i@1946-11-05,,
st-19510413-p4-a047,term,alexander-morrison@1947-11-04,,
st-19510413-p4-a048,term,alexander-morrison@1947-11-04,,
st-19500317-p4-a053,term,james-williamson@1947-11-04,,
st-19510413-p4-a047,term,john-inkster-ii@1947-11-04,,
st-19510413-p4-a048,term,john-inkster-ii@1947-11-04,,
st-19510413-p6-a068,term,john-inkster-ii@1947-11-04,,
st-19510413-p4-a047,term,robert-anderson-i@1947-11-04,,
st-19510413-p4-a048,term,robert-anderson-i@1947-11-04,,
st-19530313-p4-a062,term,robert-anderson-i@1947-11-04,,
st-19520418-p4-a055,term,james-peterson@1949-05-03,,
st-19520418-p4-a055,term,william-anderson-i@1949-05-03,,
st-19520418-p4-a055,term,william-conochie@1949-05-03,,
st-19500317-p4-a053,term,arthur-johnson@1949-09-13,,
st-19520418-p4-a055,term,arthur-johnson@1950-05-02,,
st-19530313-p4-a062,term,george-burgess@1950-05-02,,
st-19530313-p4-a062,term,james-aitken@1950-05-02,,
st-19530313-p4-a062,term,james-williamson@1950-05-02,,
st-19510413-p4-a047,term,robert-blance@1950-09-12,,
st-19510413-p4-a048,term,robert-blance@1950-09-12,,
st-19510413-p4-a047,term,alexander-morrison@1951-05-01,,
st-19510413-p4-a048,term,alexander-morrison@1951-05-01,,
st-19540507-p4-a048,term,alexander-morrison@1951-05-01,,
st-19510413-p4-a047,term,john-inkster-ii@1951-05-01,,
st-19510413-p4-a048,term,john-inkster-ii@1951-05-01,,
st-19510413-p6-a068,term,john-inkster-ii@1951-05-01,,
st-19540507-p4-a048,term,john-inkster-ii@1951-05-01,,
st-19510413-p4-a047,term,robert-blance@1951-05-01,,
st-19510413-p4-a048,term,robert-blance@1951-05-01,,
st-19540507-p4-a048,term,robert-blance@1951-05-01,,
st-19510413-p4-a047,term,robert-ollason@1951-05-01,,
st-19510413-p4-a048,term,robert-ollason@1951-05-01,,
st-19540507-p4-a048,term,robert-ollason@1951-05-01,,
st-19520509-p5-a081,term,arthur-johnson@1952-05-06,,
st-19550311-p4-a050,term,arthur-johnson@1952-05-06,,
st-19520509-p5-a081,term,james-peterson@1952-05-06,,
st-19550311-p4-a050,term,james-peterson@1952-05-06,,
st-19520509-p5-a081,term,james-tait@1952-05-06,,
st-19550311-p4-a050,term,james-tait@1952-05-06,,
st-19520509-p5-a081,term,william-conochie@1952-05-06,,
st-19550311-p4-a050,term,william-conochie@1952-05-06,,
st-19530508-p5-a151,term,george-burgess@1953-05-05,,
st-19560316-p2-a027,term,george-burgess@1953-05-05,,
st-19530508-p5-a151,term,harry-gray@1953-05-05,,
st-19560316-p2-a027,term,harry-gray@1953-05-05,,
st-19530508-p5-a151,term,john-eunson@1953-05-05,,
st-19560316-p2-a027,term,john-eunson@1953-05-05,,
st-19530508-p5-a151,term,robert-anderson-i@1953-05-05,,
st-19560316-p2-a027,term,robert-anderson-i@1953-05-05,,
st-19540507-p4-a048,term,alexander-morrison@1954-05-04,,
st-19570419-p4-a052,term,alexander-morrison@1954-05-04,,
st-19550513,term,grace-halcrow@1954-05-04,,
st-19540507-p4-a048,term,robert-blance@1954-05-04,,
st-19570419-p4-a052,term,robert-blance@1954-05-04,,
st-19540507-p4-a048,term,robert-ollason@1954-05-04,,
st-19570419-p4-a052,term,robert-ollason@1954-05-04,,
st-19570419-p4-a052,term,andrew-nicolson@1955-05-03,,
st-19580314-p4-a049,term,james-daniel@1955-05-03,,
st-19580314-p4-a049,term,james-tait@1955-05-03,,
st-19580314-p4-a049,term,william-conochie@1955-05-03,,
st-19590313-p5-a059,term,william-conochie@1955-05-03,,
st-19550513,term,arthur-johnson@1955-05-06,,
st-19560316-p2-a027,term,arthur-johnson@1955-05-06,,
st-19560316-p2-a027,term,arthur-johnson@1956-05-01,,
st-19580314-p4-a049,term,arthur-johnson@1956-05-01,,
st-19560316-p2-a027,term,george-burgess@1956-05-01,,
st-19580314-p4-a049,term,george-burgess@1956-05-01,,
st-19560316-p2-a027,term,harry-gray@1956-05-01,,
st-19590313-p5-a059,term,harry-gray@1956-05-01,,
st-19580117-p5-a074,term,john-eunson@1956-05-01,,
st-19560316-p2-a027,term,robert-anderson-i@1956-05-01,,
st-19590313-p5-a059,term,robert-anderson-i@1956-05-01,,
st-19570419-p4-a052,term,alexander-morrison@1957-05-07,,
st-19600415-p4-a060,term,alexander-morrison@1957-05-07,,
st-19570419-p4-a052,term,andrew-nicolson@1957-05-07,,
st-19590313-p5-a059,term,andrew-nicolson@1957-05-07,,
st-19570419-p4-a052,term,robert-blance@1957-05-07,,
st-19620316-p4-a066,term,robert-blance@1957-05-07,,
st-19570419-p4-a052,term,robert-ollason@1957-05-07,,
st-19600415-p4-a060,term,robert-ollason@1957-05-07,,
st-19600415-p4-a060,term,eric-gray@1958-05-06,,
st-19610317-p4-a041,term,george-burgess@1958-05-06,,
st-19600415-p4-a060,term,james-daniel@1958-05-06,,
st-19580606-p4-a050,term,james-tait@1958-05-06,,
st-19580620-p2-a021,term,james-tait@1958-05-06,,
st-19590814-p4-a035,term,magnus-sandison@1958-05-06,,
st-19580627-p4-a055,term,arthur-johnson@1958-06-24,,
st-19590313-p5-a059,term,arthur-johnson@1958-06-24,,
st-19620316-p4-a066,term,andrew-nicolson@1959-05-05,,
st-19610317-p4-a041,term,arthur-johnson@1959-05-05,,
st-19620316-p4-a066,term,robert-anderson-i@1959-05-05,,
st-19610317-p4-a041,term,robert-strachan@1959-05-05,,
st-19610317-p4-a041,term,william-conochie@1959-05-05,,
st-19590911-p6-a073,term,harry-gray@1959-09-03,,
st-19600415-p4-a060,term,harry-gray@1959-09-03,,
st-19630419-p5-a079,term,alexander-morrison@1960-05-03,,
st-19630419-p5-a079,term,eric-gray@1960-05-03,,
st-19630419-p5-a079,term,harry-gray@1960-05-03,,
st-19650416-p5-a056,term,harry-gray@1960-05-03,,
st-19620615,term,james-daniel@1960-05-03,,
st-19620810-p6-a090,term,james-daniel@1960-05-03,,
st-19620316-p4-a066,term,james-paton-i@1960-05-03,,
st-19640417-p4-a054,term,andrew-anderson@1961-05-02,,
st-19610512-p7-a099,term,kenneth-thomson@1961-05-02,,
st-19610505,term,kenneth-thomson@1961-05-02,,
st-19640417-p4-a054,term,peter-robertson@1961-05-02,,
st-19630419-p5-a079,term,william-conochie@1961-05-02,,
st-19610616-p3-a057,term,robert-strachan@1961-06-13,,
st-19620316-p4-a066,term,robert-strachan@1961-06-13,,
st-19650416-p5-a056,term,andrew-nicolson@1962-05-01,,
st-19640417-p4-a054,term,arthur-johnson@1962-05-01,,
st-19650416-p5-a056,term,james-paton-i@1962-05-01,,
st-19640417-p4-a054,term,james-taylor@1962-05-01,,
st-19650416-p5-a056,term,robert-anderson-i@1962-05-01,,
st-19620810-p6-a090,term,magnus-shearer-ii@1962-08-07,,
st-19630419-p5-a079,term,magnus-shearer-ii@1962-08-07,,
st-19640508-p4-a055,term,arthur-johnson@1964-05-05,,
st-19670414-p4-a059,term,arthur-johnson@1964-05-05,,
st-19640508-p4-a055,term,grace-halcrow@1964-05-05,,
st-19670414-p4-a059,term,grace-halcrow@1964-05-05,,
st-19640508-p4-a055,term,james-taylor@1964-05-05,,
st-19670414-p4-a059,term,james-taylor@1964-05-05,,
st-19640508-p4-a055,term,peter-robertson@1964-05-05,,
st-19670414-p4-a059,term,peter-robertson@1964-05-05,,
st-19650416-p5-a056,term,andrew-nicolson@1965-05-04,,
st-19670414-p4-a061,term,andrew-nicolson@1965-05-04,,
st-19650416-p5-a056,term,harry-gray@1965-05-04,,
st-19680315-p5-a078,term,harry-gray@1965-05-04,,
st-19650416-p5-a056,term,james-paton-i@1965-05-04,,
st-19680315-p5-a078,term,james-paton-i@1965-05-04,,
st-19680510-p4-a062,term,james-paton-i@1965-05-04,,
st-19650416-p5-a056,term,robert-anderson-i@1965-05-04,,
st-19670630-p6-a127,term,robert-anderson-i@1965-05-04,,
st-19670707-p4-a074,term,robert-anderson-i@1965-05-04,,
st-19690314-p1-a002,term,alexander-morrison@1966-05-03,,
st-19690314-p1-a002,term,eric-gray@1966-05-03,,
st-19710312-p8-a061,term,eric-gray@1966-05-03,,
st-19690314-p1-a002,term,john-smith-ii@1966-05-03,,
st-19690314-p1-a002,term,magnus-shearer-ii@1966-05-03,,
st-19700313-p9-a196,term,george-blance@1967-05-02,,
st-19700313-p9-a196,term,james-taylor@1967-05-02,,
st-19700313-p9-a196,term,peter-robertson@1967-05-02,,
st-19690314-p1-a002,term,william-smith-iv@1967-05-02,,
st-19670512-p3-a046,term,grace-halcrow@1967-05-05,,
st-19680315-p5-a078,term,grace-halcrow@1967-05-05,,
st-19670811-p4-a067,term,ronald-cumming@1967-08-08,,
st-19680315-p5-a078,term,ronald-cumming@1967-08-08,,
st-19680419-p4-a059,term,grace-halcrow@1968-05-07,,
st-19680510-p4-a062,term,grace-halcrow@1968-05-07,,
st-19700313-p9-a196,term,grace-halcrow@1968-05-07,,
st-19680419-p4-a059,term,harry-gray@1968-05-07,,
st-19680510-p4-a062,term,harry-gray@1968-05-07,,
st-19710312-p8-a061,term,harry-gray@1968-05-07,,
st-19680419-p4-a059,term,ronald-cumming@1968-05-07,,
st-19680510-p4-a062,term,ronald-cumming@1968-05-07,,
st-19710312-p8-a061,term,ronald-cumming@1968-05-07,,
st-19680419-p4-a059,term,william-thomson-iii@1968-05-07,,
st-19680510-p4-a062,term,william-thomson-iii@1968-05-07,,
st-19710312-p8-a061,term,william-thomson-iii@1968-05-07,,
st-19720317-p9-a090,term,alexander-morrison@1969-05-06,,
st-19720317-p9-a090,term,james-paton-i@1969-05-06,,
st-19700417-p1-a003,term,john-smith-ii@1969-05-06,,
st-19690509-p1-a149,term,william-smith-iv@1969-05-06,,
st-19720317-p9-a090,term,william-smith-iv@1969-05-06,,
st-19720414-p1-a001,term,william-smith-iv@1969-05-06,,
st-19720317-p9-a090,term,andrew-tait@1970-05-05,,
st-19730413-p1-a002,term,george-blance@1970-05-05,,
st-19730413-p1-a002,term,james-taylor@1970-05-05,,
st-19720317-p9-a090,term,william-peterson@1970-05-05,,
st-19700515-p11-a097,term,robert-adair@1970-05-08,,
st-19710312-p8-a061,term,robert-adair@1970-05-08,,
st-19710312-p8-a061,term,eric-gray@1971-05-04,,
st-19710416,term,eric-gray@1971-05-04,,
st-19730413-p1-a002,term,eric-gray@1971-05-04,,
st-19710312-p8-a061,term,harry-gray@1971-05-04,,
st-19710416,term,harry-gray@1971-05-04,,
st-19710312-p8-a061,term,john-butler@1971-05-04,,
st-19710416,term,john-butler@1971-05-04,,
st-19730413-p1-a002,term,john-butler@1971-05-04,,
st-19710312-p8-a061,term,robert-adair@1971-05-04,,
st-19710416,term,robert-adair@1971-05-04,,
st-19710312-p8-a061,term,ronald-cumming@1971-05-04,,
st-19710416,term,ronald-cumming@1971-05-04,,
st-19720414-p1-a001,term,alexander-morrison@1972-05-02,,
st-19720414-p1-a001,term,james-paton-i@1972-05-02,,
st-19720414-p1-a001,term,peter-laurenson@1972-05-02,,
st-19720414-p1-a001,term,william-peterson@1972-05-02,,
st-19730413-p1-a002,term,eric-gray@1973-05-01,,
st-19730413-p1-a002,term,george-blance@1973-05-01,,
st-19730413-p1-a002,term,james-taylor@1973-05-01,,
st-19730413-p1-a002,term,john-butler@1973-05-01,,
sn-19150501-p4-a038,election,70,,
st-18851024-p2-a040,election,35,,
st-18851031-p2-a024,election,35,,
st-18851121-p3-a049,election,35,,
st-18861016-p2-a035,election,36,,
st-18861016-p2-a035,election,37,,
st-18861030-p2-a033,election,36,,
st-18861030-p2-a033,election,37,,
st-18861120-p2-a032,election,37,,
st-18870319-p2-a054,election,38,,
st-18881006-p3-a068,election,40,,
st-18881103-p2-a044,election,40,,
st-18891026-p2-a014,election,41,,
st-18891102-p2-a078,election,41,,
st-18891102-p2-a082,election,41,,
st-18891102-p3-a097,election,41,,
st-18891109-p2-a052,election,41,,
st-18901025-p2-a066,election,42,,
st-18911031-p2-a040,election,43,,
st-18941110-p2-a040,election,46,,
st-18971030-p4-a077,election,49,,
st-18981008-p5-a080,election,50,,
st-18981029-p4-a055,election,50,,
st-18981105-p4-a052,election,50,,
st-18991028-p4-a101,election,52,,
st-18991111-p5-a117,election,52,,
st-19001103-p4-a088,election,53,,
st-19011102-p1-a009,election,54,,
st-19011109-p4-a083,election,54,,
st-19021108-p4-a078,election,55,,
st-19021115-p5-a111,election,55,,
st-19031107-p4-a058,election,56,,
st-19041105-p4-a112,election,57,,
st-19061006-p5-a125,election,60,,
st-19081017-p1-a014,election,62,,
st-19081107-p1-a020,election,62,,
st-19081107-p4-a149,election,62,,
st-19091016-p1-a007,election,63,,
st-19091106-p1-a006,election,63,,
st-19091106-p4-a070,election,63,,
st-19100108-p4-a071,election,64,,
st-19101015-p4-a078,election,65,,
st-19101105-p4-a077,election,65,,
st-19111014-p1-a004,election,66,,
st-19111028-p4-a075,election,66,,
st-19111104-p3-a113,election,66,,
st-19111111-p4-a093,election,66,,
st-19121012-p4-a101,election,67,,
st-19121019-p4-a093,election,67,,
st-19121102-p4-a074,election,67,,
st-19131101-p4-a054,election,68,,
st-19131101-p4-a057,election,68,,
st-19131108-p4-a064,election,68,,
st-19141024-p4-a063,election,69,,
st-19141031-p4-a059,election,69,,
st-19150807-p4-a093,election,71,,
st-19160805-p5-a107,election,72,,
st-19160909-p4-a075,election,73,,
st-19191018-p5-a082,election,75,,
st-19191108-p4-a077,election,75,,
st-19191108-p4-a089,election,75,,
st-19201016-p1-a009,election,76,,
st-19210611-p5-a101,election,77,,
st-19211015-p4-a121,election,78,,
st-19221014-p4-a083,election,79,,
st-19221104-p5-a283,election,79,,
st-19231013-p4-a094,election,80,,
st-19231103-p4-a062,election,80,,
st-19241025-p4-a060,election,82,,
st-19241101-p4-a091,election,82,,
st-19271022-p4-a061,election,85,,
st-19271029-p4-a073,election,85,,
st-19281103-p5-a090,election,86,,
st-19301101-p4-a070,election,88,,
st-19311031-p4-a097,election,89,,
st-19341013-p4-a088,election,93,,
st-19341103-p4-a045,election,93,,
st-19360711-p4-a101,election,95,,
st-19360711-p4-a106,election,95,,
st-19360808-p4-a068,election,96,,
st-19360808-p4-a074,election,96,,
st-19361114-p4-a119,election,98,,
st-19361114-p4-a127,election,97,,
st-19361114-p4-a127,election,98,,
st-19371106-p4-a072,election,99,,
st-19380205-p4-a077,election,100,,
st-19381105-p4-a093,election,101,,
st-19400608-p5-a094,election,102,,
st-19400706-p4-a059,election,102,,
st-19400713-p2-a028,election,102,,
st-19410111-p5-a048,election,103,,
st-19410111-p5-a054,election,103,,
st-19410705-p2-a031,election,104,,
st-19411011-p2-a030,election,105,,
st-19411011-p2-a034,election,105,,
st-19420404-p2-a041,election,106,,
st-19430213-p2-a080,election,107,,
st-19441110-p2-a042,election,108,,
st-19450209-p2-a044,election,109,,
st-19451102-p2-a034,election,110,,
st-19451109-p2-a047,election,110,,
st-19451214-p3-a076,election,111,,
st-19461004-p5-a071,election,113,,
st-19461101-p4-a044,election,113,,
st-19461108-p4-a059,election,113,,
st-19461108-p4-a061,election,113,,
st-19470523-p7-a145,election,692,,
st-19471010-p4-a083,election,114,,
st-19490429-p4-a050,election,115,,
st-19490429-p7-a100,election,695,,
st-19490916-p3-a030,election,116,,
st-19490916-p5-a055,election,116,,
st-19500721-p4-a051,election,719,,
st-19500721-p4-a051,election,720,,
st-19500721-p5-a058,election,720,,
st-19500728-p1-a004,election,720,,
st-19500804-p4-a060,election,719,,
st-19500804-p4-a060,election,720,,
st-19500818-p4-a055,election,720,,
st-19510413-p4-a047,election,119,,
st-19510413-p4-a048,election,119,,
st-19520418-p4-a055,election,120,,
st-19520502-p3-a043,election,120,,
st-19520502-p5-a074,election,724,,
st-19520509-p4-a066,election,724,,
st-19530501-p4-a044,election,121,,
st-19530508-p5-a151,election,121,,
st-19540423-p4-a056,election,122,,
st-19540507-p4-a048,election,122,,
st-19540514-p7-a118,election,122,,
st-19550429-p4-a062,election,123,,
st-19550506-p5-a073,election,749,,
st-19560413-p4-a064,election,125,,
st-19570419-p4-a052,election,126,,
st-19580425-p4-a062,election,776,,
st-19580509-p4-a051,election,776,,
st-19580509-p4-a054,election,127,,
st-19580516-p5-a061,election,776,,
st-19580606-p4-a050,election,128,,
st-19580627-p4-a055,election,128,,
st-19590501-p8-a120,election,129,,
st-19590911-p6-a073,election,130,,
st-19600415-p4-a060,election,131,,
st-19610428-p4-a028,election,805,,
st-19610512-p5-a065,election,805,,
st-19610512-p7-a099,election,132,,
st-19610512-p7-a099,election,133,,
st-19610616-p3-a057,election,133,,
st-19620810-p6-a090,election,135,,
st-19630419-p5-a079,election,136,,
st-19640417-p4-a054,election,137,,
st-19640501-p4-a087,election,137,,
st-19640508-p4-a050,election,832,,
st-19640508-p4-a055,election,137,,
st-19650416-p5-a056,election,138,,
st-19660415-p5-a079,election,139,,
st-19660422-p4-a060,election,139,,
st-19670414-p4-a059,election,140,,
st-19670414-p4-a061,election,140,,
st-19670414-p4-a061,election,141,,
st-19670512-p3-a046,election,141,,
st-19670811-p4-a067,election,142,,
st-19670811-p5-a094,election,142,,
st-19680419-p4-a059,election,143,,
st-19680510-p4-a062,election,143,,
st-19690509-p1-a149,election,144,,
st-19700417-p1-a002,election,145,,
st-19700417-p1-a003,election,146,,
st-19700515-p11-a097,election,146,,
st-19720414-p1-a001,election,148,,
st-19730413-p1-a002,election,149,,
st-19210528-p5-a151,election,464,,
st-19670630-p6-a127,person,robert-anderson-i:died_date,,
st-19670707-p4-a074,person,robert-anderson-i:died_date,,
st-19120406-p4-a076,person,william-macdougall:intro,,
st-19120406-p4-a060,person,william-macdougall:intro,,
st-19121012-p4-a101,person,william-macdougall:intro,,
st-19570419-p4-a052,person,grace-halcrow:intro,,
st-19580425-p4-a062,person,grace-halcrow:intro,,
st-19580509-p4-a051,person,grace-halcrow:intro,,
st-19380827,person,john-williamson-iii:intro,,
st-19381029,person,john-williamson-iii:intro,,
st-18841101,election,33,read,date of the general and the four retiring
st-18951019-p2-a069,election,47,read,retiring list
st-18961024-p2-a029,election,48,read,retiring list
st-19051014-p4-a047,election,59,read,retiring list
st-19071005-p5-a113,election,61,read,retiring list
st-19071012-p4-a094,election,61,read,Provost Goudie not re-standing
st-19161111-p5-a098,election,74,read,resignation of the replaced member
st-19161209-p4-a110,election,74,read,the appointment
st-19351102,election,94,read,retiring members re-elected
st-19380730-p4-a083,election,1275,read,death of the replaced member
st-19380827,election,1275,read,the co-option
st-19500421-p4-a047,election,117,read,polling day
st-19550513,election,124,read,the co-option
st-19710416,election,147,read,unopposed
st-19620316-p4-a066,election,134,read,retiring list
