a,kind,b,on_chart,bayanne,note
john-mouat-1752,parent,margaret-mouat-1779,1,I18050,
margaret-mouat-1779,parent,thomas-cameron,1,I39747,
john-mouat-1752,sibling,elizabeth-mouat-1741,1,I12245,Both children of William Mouat and Elizabeth Bruce.
elizabeth-mouat-1741,parent,elizabeth-hunter-1774,1,I12472,
elizabeth-hunter-1774,parent,john-bruce-1798,1,I12473,
john-bruce-1798,parent,john-bruce,1,I12498,
william-mouat-1714,parent,john-mouat-1752,1,I18051,
robert-mouat-1689,parent,william-mouat-1714,1,I12245,
robert-mouat-1689,sibling,margaret-mouat-1702,1,I1194,Both children of Arthur Mowat (I7954) and Ursula Neven (I1195 and I1194 pages).
margaret-mouat-1702,parent,arthur-hoseason-1724,1,I1197,
arthur-hoseason-1724,parent,john-hoseason-1745,1,I3332,
john-hoseason-1745,parent,robert-hoseason-1785,1,I3367,
robert-hoseason-1785,parent,ann-hoseason-1810,1,I3499,
james-hoseason-1805,spouse,ann-hoseason-1810,1,I3358,"Chart draws this in orange (sibling). Bayanne: husband and wife, not siblings. They were related: James's father Hosea (I3331) was a son of Arthur Hoseason, Ann's great-grandfather."
ann-hoseason-1810,sibling,jane-hoseason-1812,1,I3367,"Chart draws an orange (sibling) line from James Hoseason to Jane. Bayanne: Jane is Ann's sister (both daughters of Robert Hoseason), so James's sister-in-law."
robert-hoseason-1785,parent,jane-hoseason-1812,0,I3413,Added to support the Ann-Jane sibling link.
jane-hoseason-1812,spouse,robert-spence-1802,1,I3413,
robert-spence-1802,sibling,jessie-spence-1801,1,I4272,Both children of Basil Spence and Anne Neven.
jessie-spence-1801,spouse,william-sievwright-i,1,I3500,
william-sievwright-i,parent,william-sievwright-ii,1,I4317,
james-hoseason-1805,parent,charles-hoseason,1,I3425,
charles-hoseason,spouse,barbara-hunter-1849,1,I3425,
samuel-hunter,parent,barbara-hunter-1849,1,I3426,
samuel-hunter,parent,james-hunter-ii,1,I18087,
samuel-hunter,parent,robert-hunter-i,1,I18091,Chart box reads Robert Hunter 1845-1923; Bayanne b. 10 Jul 1856.
samuel-hunter,parent,margaret-hunter-1852,1,I3427,
james-hunter-ii,sibling,robert-hunter-i,1,I3427,
charles-laurenson,spouse,margaret-hunter-1852,1,I18159,
james-hunter-i,parent,samuel-hunter,1,I3427,
james-hunter-i,parent,barbara-hunter-1819,1,I45513,
sinclair-goudie-1812,spouse,barbara-hunter-1819,1,I45514,
john-hughson,parent,marable-hughson-1817,1,I211692,
william-goudie-1809,spouse,marable-hughson-1817,1,I211692,
william-goudie-1809,sibling,robert-goudie,1,I45515,Both sons of Robert Goudie and Margaret Wishart.
robert-goudie,sibling,sinclair-goudie-1812,1,I45515,Both sons of Robert Goudie and Margaret Wishart.
robert-goudie,spouse,janet-mouat-1816,1,I68961,
robert-goudie,parent,james-goudie,1,I68965,
janet-mouat-1816,parent,james-goudie,1,I68965,
james-mouat-ii,sibling,janet-mouat-1816,1,I15357,
james-mouat-i,parent,james-mouat-ii,1,I18286,
james-mouat-i,parent,janet-mouat-1816,1,I68961,
james-mouat-i,sibling,jerome-mouat-1751,1,I68943,Both sons of Peter Mouat and Janet Chappie.
john-mouat-1754,sibling,james-mouat-i,1,I68943,Both sons of Peter Mouat and Janet Chappie.
john-mouat-1754,parent,mary-mouat-1801,1,I40215,
mary-mouat-1801,spouse,william-merrylees,1,I40214,
william-merrylees,parent,charles-merrylees,1,I40213,
charles-merrylees,spouse,louisa-umphray-1847,1,I40213,
jerome-mouat-1751,parent,peter-mouat-1774,1,I44993,
peter-mouat-1774,parent,jeremiah-mouat-1804,1,I44994,
jeremiah-mouat-1804,parent,henry-mouat-1843,1,I44998,
henry-mouat-1843,parent,henry-mouat,1,I179100,
henry-mouat-1843,parent,james-mouat-iii,1,I82425,Chart box reads James Mouat 1879?-1937; Bayanne James Peter Mouat b. 17 Mar 1867.
lewis-umphray-1771,parent,andrew-umphray-1815,0,I18404,"With the next row, replaces the chart's direct parent line Lewis Umphray -> Louisa Umphray: Lewis was her grandfather."
andrew-umphray-1815,parent,louisa-umphray-1847,0,I40212,See previous row.
ann-umphray-1764,sibling,lewis-umphray-1771,1,I46062,Both children of Andrew Umphray and Elizabeth Cumming.
lewis-umphray-1771,spouse,margaret-greig-1789,1,I18402,Her first husband; she then married James Garriock (I18410).
ann-umphray-1764,parent,william-hay,1,I6253,
william-hay,parent,george-hay,1,I6284,"Chart's arrow to George Hay branches off the Ann Umphray -> William Hay line. Bayanne: William is his father, Ann his grandmother."
william-hay,parent,arthur-hay,1,I6291,
william-hay,sibling,mary-hay-1786,1,I6233,"Chart draws a blue (parent) line from William Hay. Bayanne: siblings, both children of James Hay and Anne Umphray."
william-hay,sibling,andrew-hay-1789,1,I6233,"Chart draws a blue (parent) line from William Hay. Bayanne: siblings, both children of James Hay and Anne Umphray."
andrew-hay-1789,sibling,mary-hay-1786,1,I6233,
andrew-hay-1789,spouse,joan-mary-nicolson-1823,0,I6254,Not drawn on the chart; Bayanne shows the marriage (she later married Rev. James Mountain).
david-nicolson,parent,joan-mary-nicolson-1823,1,I4227,
robert-nicolson-1791,sibling,david-nicolson,1,I28131,Both sons of William Nicolson and Elizabeth Nisbet.
robert-nicolson-1791,parent,williamina-nicolson-1815,1,I121491,
williamina-nicolson-1815,spouse,magnus-bruce-1816,1,I121491,
erasmus-bruce-1778,parent,magnus-bruce-1816,1,I121490,
erasmus-bruce-1778,sibling,sinclair-bruce-1795,1,I11566,Both children of John Bruce and Catherine Omand.
sinclair-bruce-1795,spouse,thomas-edmondston-1779,1,I10640,
thomas-edmondston-1779,sibling,arthur-edmondston,1,I10630,Both sons of Laurence Edmondston and Mary Sanderson.
david-nicolson,spouse,martha-spence-1785,1,I4222,
william-spence,sibling,martha-spence-1785,1,I4221,Same parents (Gilbert Spence and Janet Hay) on I4220 and I4221.
william-spence,spouse,jane-fea-1795,1,I4220,
thomas-fea-1767,parent,jane-fea-1795,1,I4240,
thomas-fea-1767,parent,martha-fea-1802,1,I17129,
thomas-fea-1767,parent,barbara-fea-1743,1,,"NOT VERIFIED, contradicted. Bayanne: Barbara (b. abt 1743) was the daughter of an older Thomas Fea (I363803, b. bef 1716) and Margaret Bolt. Thomas Fea 1767 (son of Magnus Fea I146400, no parents on Bayanne) was born 24 years after her. The chart seems to merge the two Thomas Feas."
barbara-fea-1743,parent,thomas-leask-1768,1,I37428,
thomas-leask-1768,parent,joseph-leask,1,I29517,
charles-ogilvy-ii,spouse,martha-fea-1802,1,I9184,
charles-ogilvy-ii,sibling,charlotte-ogilvy-1789,1,I7816,
charlotte-ogilvy-1789,spouse,balfour-spence,1,I18308,
charlotte-ogilvy-1789,sibling,margaret-ogilvy-1792,1,I7816,
elizabeth-ogilvy-1791,sibling,margaret-ogilvy-1792,1,I7816,
charles-ogilvy-i,parent,elizabeth-ogilvy-1791,1,I10512,
charles-ogilvy-i,parent,margaret-ogilvy-1792,1,I6260,
charles-ogilvy-i,parent,charlotte-ogilvy-1789,1,I18308,
charles-ogilvy-i,parent,john-ogilvy,1,I6261,
charles-ogilvy-i,parent,charles-ogilvy-ii,1,I9184,
thomas-ogilvy-1762,sibling,charles-ogilvy-i,1,I18309,Same parents (Thomas Ogilvy I5792 and Charlotte Willamina Neven) on I18309 and I7816.
thomas-ogilvy-1762,parent,james-ogilvy,1,I18310,
margaret-ogilvy-1792,spouse,william-hay,1,I6260,
gilbert-duncan,spouse,elizabeth-ogilvy-1791,1,I10512,
gilbert-duncan,parent,charles-duncan,1,I10511,
andrew-duncan,sibling,gilbert-duncan,1,I10510,Same parents (Andrew Duncan and Agnes Robertson) on I10506 and I10510.
andrew-duncan,parent,william-duncan-1805,1,I10530,
william-duncan-1805,parent,william-duncan-ii,1,I10539,
margaret-greig-1789,parent,lewis-garriock-1825,1,I18411,Father James Garriock (I18410).
lewis-garriock-1825,parent,lewis-garriock,1,I68323,
lewis-garriock,spouse,selina-garriock,1,I68323,Selina Darrell on Bayanne.
james-greig,sibling,margaret-greig-1789,1,I18401,Same parents (Archibald Greig I17101 and Christian Greig) on I17100 and I18401.
james-greig,spouse,cecilia-gordon-1794,1,I17100,His second wife; she was the widow of Gilbert Paterson.
gilbert-paterson,spouse,cecilia-gordon-1794,1,I18013,
james-greig,spouse,cecilia-heddell-1790,1,I17100,
robert-hicks,spouse,eliza-greig-1815,1,I18078,His second wife.
james-greig,parent,eliza-greig-1815,1,I18078,
james-greig,parent,margaret-greig-1814,1,I45527,
james-greig,parent,archibald-greig,1,I18009,
james-greig,parent,julia-greig-1823,1,I17099,
james-greig,parent,cecilia-greig-1830,1,I68379,
margaret-greig-1814,sibling,archibald-greig,1,I18011,Both children of James Greig and Cecilia Heddell.
archibald-greig,sibling,julia-greig-1823,1,I18011,
julia-greig-1823,sibling,cecilia-greig-1830,1,I18011,
george-smith-i,spouse,julia-greig-1823,1,I17098,
cecilia-greig-1830,spouse,james-smith-1830,1,I68379,
george-smith-i,sibling,james-smith-1830,1,I242471,Same parents (James Smith I94754 and Elizabeth Scott) on I17098 and I242471.
george-smith-i,parent,georgina-smith-1864,1,I37373,
georgina-smith-1864,spouse,james-cowie-1853,1,I37373,
john-cowie,parent,james-cowie-1853,1,I45539,
john-cowie,spouse,margaret-greig-1814,1,I45528,
isaac-cowie,sibling,john-cowie,1,I45528,Same parents (Robert Cowie I45541 and Euphemia Sim) on I45542 and I45528.
isaac-cowie,spouse,anderina-heddell-1800,1,I45542,
francis-heddell-1762,parent,anderina-heddell-1800,1,I45543,
francis-heddell-1762,parent,cecilia-heddell-1790,1,I18011,
francis-heddell-1762,spouse,barbara-innes-1765,1,I18338,
catherine-innes-1750,sibling,barbara-innes-1765,1,I18340,Same parents (Peter Innes I18341 and Cecilia Kelday) on I45551 and I18340.
catherine-innes-1750,parent,james-greig-1773,1,I45553,Father William Greig (I45552).
john-morrison-i,spouse,catherine-innes-1750,1,I45613,Her second husband.
james-greig-1773,spouse,ann-deans-1790,1,I45553,
robert-deans,parent,ann-deans-1790,1,I45554,
james-goodlad,parent,robert-goodlad-1905,0,I53635,
robert-goodlad-1905,spouse,jemima-barbara-halcrow-1902,0,I53635,
adam-halcrow-i,parent,jemima-barbara-halcrow-1902,0,I53636,
andrew-clark-1819,parent,william-clark-ii,0,I11261,
andrew-clark-1819,parent,christina-mary-clark-1860,0,I11249,
christina-mary-clark-1860,parent,alan-fraser,0,I11472,
john-robert-morrison-1879,parent,george-morrison,0,I126045,
john-robert-morrison-1879,sibling,jemima-catherine-morrison-1894,0,I41535,
jemima-catherine-morrison-1894,parent,alex-arthur,0,I41542,
john-leisk,parent,margaret-louisa-leisk-1881,0,I15637,
margaret-louisa-leisk-1881,parent,alice-leisk-durham-1910,0,I87230,
alice-leisk-durham-1910,spouse,alexander-bennet,0,I87230,
william-hay,parent,charles-hay-1815,0,I6267,
charles-hay-1815,parent,alexander-hay,0,I6307,
margaret-ogilvy-1792,parent,charles-hay-1815,0,I6267,
charles-hay-1815,parent,charles-hay-1843,0,I6306,
charles-hay-1843,parent,westwood-hay,0,I6339,
margaret-ogilvy-1792,parent,arthur-hay,0,I6291,
margaret-ogilvy-1792,parent,george-hay,0,I6284,
barbara-ross-1806,parent,margaret-ogilvy-1792,0,I6260,
barbara-ross-1806,parent,charles-ogilvy-ii,0,I9184,
barbara-ross-1806,parent,john-ogilvy,0,I6261,
zachary-macaulay-hamilton-1805,parent,zachary-hamilton,0,I17127,
zachary-macaulay-hamilton-1805,parent,ann-helen-hamilton-1835,0,I68178,
ann-helen-hamilton-1835,spouse,charles-hay-1815,0,I68178,
james-greig,parent,james-greig-1826,0,I18014,
james-greig-1826,spouse,emma-heriot-buchan-1829,0,I18014,
emma-heriot-buchan-1829,parent,christian-helen-agnes-walker-1866,0,I6308,
christian-helen-agnes-walker-1866,spouse,alexander-hay,0,I6308,
robert-blance,parent,helen-rene-blance-1925,0,I132880,
helen-rene-blance-1925,spouse,alexander-manson-1922,0,I132880,
alexander-manson,parent,alexander-manson-1922,0,I172749,
alexander-mitchell-i,parent,alexander-mitchell-ii,0,I143228,
james-morrison,parent,alexander-morrison,0,I63735,
john-jamieson,spouse,marjory-jane-morrison-1911,0,I20887,
james-morrison,parent,marjory-jane-morrison-1911,0,I63734,
jean-simpson-1881,parent,marjory-jane-morrison-1911,0,I63734,
jean-simpson-1881,parent,alexander-morrison,0,I63735,
alexander-nicol-1767,parent,alexander-nicol,0,I122945,
alexander-nicol-1767,parent,cecilia-innes-nicol-1806,0,I96691,
cecilia-innes-nicol-1806,spouse,james-tulloch,0,I96691,
alexander-nicol-1767,parent,barbara-nicol-1809,0,I94019,
barbara-nicol-1809,parent,robert-stout-i,0,I86036,
barbara-nicol-1809,sibling,cecilia-innes-nicol-1806,0,I93560,
alexander-nicol,spouse,barbara-tait-1820,0,I122945,
margaret-linklater-1794,parent,barbara-tait-1820,0,I122946,
thomas-linklater-1763,parent,margaret-linklater-1794,0,I44119,
thomas-linklater-1763,parent,robert-linklater,0,I16434,
alexander-sandison,parent,charles-gilbert-duncan-sandison-i,0,I16461,
alexander-sandison,parent,john-sandison,0,I16462,
alexander-sandison,parent,thomas-sandison,0,I16460,
alexander-sandison-1776,parent,alexander-sandison,0,I11852,
alexander-sandison-1776,parent,anne-sandison-1801,0,I32621,
anne-sandison-1801,parent,william-pole,0,I8118,
elizabeth-sandison-1807,parent,john-leisk,0,I10067,
alexander-sandison-1776,parent,elizabeth-sandison-1807,0,I16433,
john-leisk,parent,ethel-elizabeth-leisk-1879,0,I18196,
ethel-elizabeth-leisk-1879,spouse,miles-walker-pole-1872,0,I18196,
william-pole,parent,miles-walker-pole-1872,0,I8179,
margaret-johnson-1830,parent,charles-gilbert-duncan-sandison-i,0,I16461,
margaret-johnson-1830,parent,john-sandison,0,I16462,
margaret-johnson-1830,parent,thomas-sandison,0,I16460,
charles-gilbert-duncan-sandison-i,parent,charles-sandison-ii,0,I18344,
george-tait,spouse,elizabeth-leisk-1830,0,I10054,
elizabeth-sandison-1807,parent,elizabeth-leisk-1830,0,I10066,
anne-sandison-1801,parent,elizabeth-greig-pole-1835,0,I8152,
elizabeth-greig-pole-1835,spouse,william-levie,0,I8152,
alexander-sandison,spouse,margaret-johnson-1830,0,I11852,
margaret-johnson-1830,sibling,barbara-catherine-johnson-1819,0,I16484,
barbara-catherine-johnson-1819,spouse,william-duncan-i,0,I16490,
thomas-stove-1808,parent,laurence-stove,0,I123843,
thomas-stove-1808,parent,alfred-stove,0,I123844,
alexander-george-smith-duncan-1911,parent,allison-duncan,0,I35657,
alexander-george-smith-duncan-1911,sibling,lizzie-duncan-1910,0,I35648,
lizzie-duncan-1910,parent,thomas-stove,0,I35658,
william-anderson-1880,parent,andrew-anderson,0,I13835,
william-anderson-1880,parent,laurence-duncan-anderson-1913,0,I13834,
laurence-duncan-anderson-1913,spouse,catherine-anderson,0,I13834,
laurence-anderson,spouse,mary-irvine-1865,0,I13557,
mary-irvine-1865,sibling,ann-tait-irvine-1880,0,I39852,
ann-tait-irvine-1880,parent,andrew-anderson,0,I13835,
frederick-tait,spouse,margaret-sinclair-robertson-1895,0,I60446,
margaret-sinclair-robertson-1895,sibling,christina-robertson-1892,0,I50717,
christina-robertson-1892,spouse,andrew-clark,0,I71830,
peter-garriock-i,parent,florence-emily-garriock-1870,0,I106229,
florence-emily-garriock-1870,parent,mary-helen-macdougall-1901,0,I44730,
mary-helen-macdougall-1901,parent,andrew-cromarty,0,I44731,
mary-robertson-1832,parent,florence-emily-garriock-1870,0,I106229,
mary-robertson-1832,parent,andrew-garriock,0,I84547,
peter-garriock-i,parent,andrew-garriock,0,I84547,
andrew-duncan,parent,andrew-duncan-ii,0,I10526,
grace-scott-1780,parent,andrew-duncan-ii,0,I10526,
grace-scott-1780,parent,william-duncan-1805,0,I10530,
peter-garriock-i,parent,agnes-garriock-1864,0,I106228,
agnes-garriock-1864,spouse,david-williamson,0,I106228,
mary-robertson-1832,parent,agnes-garriock-1864,0,I106228,
robert-robertson-1802,parent,john-robertson-ii,0,I18328,
robert-robertson-1802,parent,mary-robertson-1832,0,I18330,
mary-robertson-1832,spouse,peter-garriock-i,0,I18330,
john-robertson-1775,parent,john-robertson-i,0,I11290,
john-robertson-1775,parent,robert-robertson-1802,0,I18326,
agnes-garriock-1864,parent,mary-marjory-williamson-1890,0,I88512,
mary-marjory-williamson-1890,spouse,charles-mitchell,0,I88512,
david-williamson,parent,mary-marjory-williamson-1890,0,I88512,
james-grierson-1787,parent,andrew-grierson-ii,0,I18029,
andrew-grierson-i,parent,james-grierson-1787,0,I3993,
andrew-grierson-ii,parent,elizabeth-mitchell-sinclair-grierson-1868,0,I9245,
elizabeth-mitchell-sinclair-grierson-1868,spouse,william-bruce-i,0,I9245,
andrew-grierson-ii,parent,james-grierson,0,I18022,
james-grierson-1787,parent,agnes-mary-grierson-1836,0,I3992,
agnes-mary-grierson-1836,spouse,charles-ogilvy-robertson-1833,0,I3992,
john-ogilvy,parent,charles-ogilvy-robertson-1833,0,I3990,
alice-geraldine-clifford-1837,parent,james-grierson,0,I18022,
alice-geraldine-clifford-1837,parent,elizabeth-mitchell-sinclair-grierson-1868,0,I9245,
andrew-irvine-i,parent,joan-easten,0,I28236,
william-robertson,parent,margaret-ingram-robertson-1853,0,I92384,
margaret-ingram-robertson-1853,spouse,andrew-jamieson,0,I92384,
charles-robertson-1793,parent,charles-robertson,0,I11326,
charles-robertson-1793,parent,william-robertson,0,I88961,
joseph-linklater,spouse,elsie-mckenzie-1908,0,I113517,
andrina-marshall-mouat-1886,parent,elsie-mckenzie-1908,0,I163998,
marshall-mouat-1860,parent,andrina-marshall-mouat-1886,0,I125026,
marshall-mouat-1860,parent,andrew-mouat,0,I136850,
andrew-smith,spouse,agnes-inkster-1850,0,I70270,
james-inkster-1819,parent,agnes-inkster-1850,0,I70271,
james-inkster-1819,parent,james-inkster,0,I90168,
john-sinclair,spouse,charlotte-smith-1871,0,I119064,
john-smith-1832,parent,charlotte-smith-1871,0,I119065,
arthur-smith-1803,parent,john-smith-1832,0,I123377,
arthur-smith-1803,parent,andrew-smith,0,I70270,
andrew-smith,parent,arthur-james-smith-1877,0,I70268,
arthur-james-smith-1877,spouse,jean-johnston-campbell-1886,0,I70268,
alexander-campbell-1843,parent,jean-johnston-campbell-1886,0,I70269,
alexander-campbell-1843,parent,john-campbell-i,0,I71191,
robert-brown-peterson-1830,parent,joseph-peterson-i,0,I109414,
robert-brown-peterson-1830,parent,helen-peterson-1866,0,I38196,
helen-peterson-1866,parent,andrew-john-tait-1906,0,I127396,
andrew-john-tait-1906,parent,andrew-tait,0,I98212,
john-tulloch-iv,parent,andrew-tulloch,0,I126009,
william-andrew-williamson-1880,parent,andrew-williamson,0,I379,
catherine-elizabeth-spence-1844,parent,william-andrew-williamson-1880,0,I189,
aneas-spence-1808,parent,catherine-elizabeth-spence-1844,0,I176,
balfour-spence,parent,aneas-spence-1808,0,I177,
robert-rose-gunn-1840,parent,angus-gunn,0,I168396,
robert-rose-gunn-1840,parent,margaret-gunn-1876,0,I76549,
margaret-gunn-1876,spouse,george-leslie-i,0,I76549,
margaret-gunn-1876,parent,elizabeth-margaret-mckay-leslie-1906,0,I76545,
elizabeth-margaret-mckay-leslie-1906,spouse,george-blance,0,I76545,
george-leslie-i,parent,elizabeth-margaret-mckay-leslie-1906,0,I76545,
james-garriock-1795,parent,archibald-garriock,0,I68315,
james-garriock-1795,parent,lewis-garriock-1825,0,I18411,
archibald-greig-1757,parent,james-greig,0,I17100,
archibald-greig-1757,parent,margaret-greig-1789,0,I18401,
margaret-greig-1789,parent,archibald-garriock,0,I68315,
margaret-greig-1789,parent,andrew-umphray-1815,0,I18404,
william-hay,parent,ann-elizabeth-hay-1819,0,I6276,
ann-elizabeth-hay-1819,spouse,andrew-umphray-1815,0,I6276,
john-morrison-i,spouse,barbara-anderson-1791,0,I45613,
robert-anderson-1761,parent,barbara-anderson-1791,0,I90943,
robert-anderson-1761,parent,arthur-anderson,0,I8236,
william-jamieson,parent,may-jamieson-1906,0,I163364,
may-jamieson-1906,spouse,arthur-irvine-ii,0,I163364,
arthur-laurenson-1774,parent,laurence-laurenson-i,0,I13127,
arthur-laurenson-1774,parent,christina-laurenson-1815,0,I29881,
christina-laurenson-1815,parent,arthur-laing,0,I29884,
arthur-laurenson-1774,parent,peter-laurenson-1814,0,I29928,
peter-laurenson-1814,parent,laurence-laurenson-ii,0,I18169,
peter-laurenson-1814,sibling,christina-laurenson-1815,0,I29319,
janet-duncan-robertson-1847,parent,john-harrison-ii,0,I18072,
janet-duncan-robertson-1847,sibling,helen-robertson-1855,0,I81805,
helen-robertson-1855,spouse,arthur-laing,0,I29888,
laurence-laurenson-i,parent,arthur-laurenson,0,I13170,
laurence-laurenson-i,parent,jane-inches-laurenson-1834,0,I29932,
jane-inches-laurenson-1834,parent,john-tulloch-i,0,I29935,
jane-inches-laurenson-1834,parent,william-tulloch,0,I13173,
catherine-hoseason-gray-1794,parent,arthur-laurenson,0,I13170,
catherine-hoseason-gray-1794,parent,jane-inches-laurenson-1834,0,I29932,
arthur-nicolson-i,parent,arthur-nicolson-ii,0,I21711,
robert-hunter-i,spouse,margaret-johnson-1863,0,I18091,
margaret-johnson-1863,sibling,elizabeth-johnson-1859,0,I18093,
elizabeth-johnson-1859,spouse,arthur-porteous,0,I18143,
william-spence-1881,parent,charles-spence,0,I15017,
william-hoseason-spence-1840,parent,william-spence-1881,0,I18696,
aneas-spence-1808,parent,william-hoseason-spence-1840,0,I1322,
hugh-anderson-1860,parent,robert-anderson-i,0,I34316,
hugh-anderson-1860,sibling,joseph-george-anderson-1870,0,I30895,
joseph-george-anderson-1870,parent,barbara-anderson,0,I34568,
florence-margaret-mcmurdo-spence-1879,parent,laurence-edmondston,0,I10729,
thomas-william-leisk-spence-1845,parent,florence-margaret-mcmurdo-spence-1879,0,I10728,
thomas-william-leisk-spence-1845,parent,basil-neven-spence,0,I18388,
jeremiah-eunson-1887,parent,leslie-eunson,0,I97835,
jeremiah-eunson-1887,parent,cecil-eunson-i,0,I97839,
robert-stewart-eunson-1916,parent,cecil-eunson-ii,0,I33880,
jeremiah-eunson-1887,parent,robert-stewart-eunson-1916,0,I33864,
mary-ann-sutherland-1879,parent,hugh-sutherland,0,I30213,
mary-ann-sutherland-1879,parent,phyllis-robina-agnes-grains-1915,0,I33874,
phyllis-robina-agnes-grains-1915,parent,cecil-eunson-ii,0,I33880,
john-sandison,parent,annie-irene-kathleen-may-mundell-sandison-1897,0,I87313,
annie-irene-kathleen-may-mundell-sandison-1897,spouse,thomas-erlend-stewart-sandison-1893,0,I87313,
mary-mundell-1855,parent,thomas-erlend-stewart-sandison-1893,0,I18345,
mary-mundell-1855,parent,charles-sandison-ii,0,I18344,
william-stewart-1863,parent,john-stewart,0,I23844,
william-stewart-1863,sibling,catherine-stewart-1872,0,I18240,
catherine-stewart-1872,parent,charles-manson,0,I42687,
william-merrylees,parent,euphemia-merrylees-1831,0,I68996,
euphemia-merrylees-1831,parent,thomas-anderson-i,0,I68998,
mary-mouat-1801,parent,charles-merrylees,0,I40213,
mary-mouat-1801,parent,euphemia-merrylees-1831,0,I68996,
william-johnson-1852,parent,laurence-johnson,0,I115447,
william-johnson-1852,parent,catherine-johnson-1888,0,I18698,
catherine-johnson-1888,parent,charles-spence,0,I15017,
james-stout-1818,parent,charles-stout,0,I25918,
james-stout-1818,parent,elizabeth-stout-1869,0,I120724,
elizabeth-stout-1869,parent,erling-clausen,0,I82682,
charles-stout,spouse,margaret-mainland-1859,0,I25918,
ann-sinclair-1836,parent,margaret-mainland-1859,0,I118155,
george-sinclair-1804,parent,ann-sinclair-1836,0,I120690,
george-sinclair-1804,parent,george-sinclair,0,I69883,
john-clark-1746,parent,william-clark-i,0,I11947,
john-clark-1746,parent,elizabeth-clark-1778,0,I11940,
elizabeth-clark-1778,parent,john-sandison-1808,0,I11968,
john-sandison-1808,parent,christopher-sandison,0,I11970,
magnus-burns,parent,david-burns,0,I122333,
robert-blance-gray-1858,parent,david-gray-ii,0,I49984,
robert-blance-gray-1858,parent,robina-ann-gray-1885,0,I49989,
robina-ann-gray-1885,spouse,laurence-cogle,0,I49989,
james-ogilvy,parent,james-ogilvy-1821,0,I92743,
james-ogilvy-1821,parent,thomas-alexander-ogilvy-1857,0,I92742,
thomas-alexander-ogilvy-1857,parent,jessie-ann-florence-ogilvy-1880,0,I35903,
jessie-ann-florence-ogilvy-1880,spouse,david-gray-ii,0,I35903,
james-mouat-goodlad-1823,parent,james-goodlad,0,I45507,
james-mouat-goodlad-1823,sibling,catherine-goodlad-1845,0,I24007,
catherine-goodlad-1845,parent,david-murray,0,I69412,
james-mouat-goodlad-1823,parent,peter-goodlad,0,I45508,
margaret-douglas-gray-1849,parent,james-adie,0,I9181,
margaret-douglas-gray-1849,parent,edward-adie,0,I9189,
thomas-anderson-i,parent,grace-dorothy-anderson-1898,0,I48878,
grace-dorothy-anderson-1898,spouse,edward-adie,0,I48878,
william-adie,parent,edward-adie,0,I9189,
william-adie,parent,james-adie,0,I9181,
matilda-annabella-adie-1879,parent,william-hamilton,0,I68187,
william-adie,parent,matilda-annabella-adie-1879,0,I9183,
zachary-hamilton,spouse,matilda-annabella-adie-1879,0,I17127,
margaret-douglas-gray-1849,parent,matilda-annabella-adie-1879,0,I9183,
zachary-hamilton,parent,william-hamilton,0,I68187,
mary-margaret-anderson-1887,parent,edward-thomason,0,I34441,
margaret-irvine-1865,parent,mary-margaret-anderson-1887,0,I34439,
alexander-irvine-1829,parent,margaret-irvine-1865,0,I34277,
alexander-irvine-1829,parent,john-irvine-iii,0,I92038,
george-tait,parent,edwyn-tait,0,I22521,
andrew-james-abernethy-1884,parent,florence-grains,0,I38402,
andrew-james-abernethy-1884,parent,henrietta-ruby-abernethy-1929,0,I174315,
henrietta-ruby-abernethy-1929,spouse,alexander-manson-campbell-1925,0,I174315,
john-campbell-i,parent,alexander-manson-campbell-1925,0,I71192,
ann-isbister-gair-1892,parent,george-morrison,0,I126045,
ann-isbister-gair-1892,sibling,henrietta-ruby-gair-1899,0,I169250,
henrietta-ruby-gair-1899,parent,florence-grains,0,I38402,
mary-ann-sutherland-1879,parent,joseph-hunter-grains-1903,0,I33869,
joseph-hunter-grains-1903,parent,alistair-magnus-grains-1938,0,I34912,
alistair-magnus-grains-1938,spouse,florence-grains,0,I34912,
francis-pottinger-1844,parent,francis-pottinger,0,I129724,
francis-pottinger-1844,parent,james-pottinger-iii,0,I28933,
francis-pottinger-1844,sibling,grace-murray-pottinger-1848,0,I28866,
grace-murray-pottinger-1848,parent,john-robertson-iv,0,I28793,
joseph-peterson-i,parent,barron-peterson-1891,0,I134451,
barron-peterson-1891,parent,fraser-peterson,0,I20819,
john-love,spouse,margaret-anderson-1868,0,I136847,
john-macgowan-anderson-1837,parent,margaret-anderson-1868,0,I34639,
john-macgowan-anderson-1837,parent,george-anderson,0,I34645,
margaret-l-kay-1843,parent,george-anderson,0,I34645,
david-kay-1811,parent,margaret-l-kay-1843,0,I45603,
david-kay-1811,parent,george-kay,0,I45581,
margaret-l-kay-1843,parent,margaret-anderson-1868,0,I34639,
john-macgowan-anderson-1837,sibling,helen-joanna-hunter-anderson-1835,0,I17062,
helen-joanna-hunter-anderson-1835,spouse,william-levie,0,I30231,
george-burgess,parent,george-william-goalen-burgess-1926,0,I180048,
george-william-goalen-burgess-1926,spouse,mary-christina-smith-1929,0,I180048,
laurence-smith,parent,mary-christina-smith-1929,0,I181161,
george-hay,spouse,ursula-catherine-bruce-1830,0,I6284,
ursula-catherine-bruce-1830,sibling,robert-bruce-1827,0,I9221,
robert-bruce-1827,parent,william-bruce-i,0,I9244,
hugh-williamson,spouse,ann-jane-jamieson-1904,0,I19109,
george-jamieson,parent,ann-jane-jamieson-1904,0,I19108,
william-duncan-ii,parent,helen-henrietta-jane-duncan-1888,0,I10541,
helen-henrietta-jane-duncan-1888,spouse,george-theodore-kay-1888,0,I10541,
george-kay,parent,george-theodore-kay-1888,0,I108505,
james-cowie-1853,spouse,jane-linklater-1855,0,I45539,
jane-linklater-1855,spouse,robert-burgess-laurence-1840,0,I87666,
george-laurence,parent,robert-burgess-laurence-1840,0,I87665,
john-robertson-i,spouse,margaret-burgess-1810,0,I11290,
margaret-burgess-1810,sibling,mary-burgess-1816,0,I141733,
mary-burgess-1816,spouse,george-laurence,0,I86838,
john-robertson-iv,spouse,anne-elizabeth-harrison-1879,0,I28793,
gilbert-harrison,parent,anne-elizabeth-harrison-1879,0,I41681,
anne-elizabeth-harrison-1879,parent,lindsay-robertson,0,I26158,
john-robertson-iv,parent,lindsay-robertson,0,I26158,
arthur-harrison-1795,parent,gilbert-harrison,0,I42909,
arthur-harrison-1795,sibling,gilbert-harrison-1798,0,I39778,
gilbert-harrison-1798,parent,john-harrison-i,0,I9197,
margaret-elizabeth-lillias-crutwell-1865,parent,thomas-manson-ii,0,I18281,
lilias-greig-tait-1828,parent,margaret-elizabeth-lillias-crutwell-1865,0,I10032,
gilbert-tait,parent,lilias-greig-tait-1828,0,I5310,
james-tait-1790,parent,john-tait,0,I10049,
james-tait-1790,spouse,catherine-tait-1789,0,I5305,
andrew-tait-1764,parent,catherine-tait-1789,0,I5304,
andrew-tait-1764,parent,gilbert-tait,0,I5307,
margaret-elizabeth-lillias-crutwell-1865,parent,hilda-manson-1890,0,I120042,
hilda-manson-1890,spouse,john-campbell-i,0,I120042,
peter-anderson,parent,barbara-cormack-anderson-1892,0,I35398,
barbara-cormack-anderson-1892,parent,katherine-jane-cormack-moffat-1922,0,I182046,
katherine-jane-cormack-moffat-1922,spouse,harry-drever,0,I182046,
john-henderson-1810,parent,henry-henderson,0,I56843,
john-henderson-1810,parent,john-henderson-1845,0,I37572,
john-henderson-1845,parent,john-henderson,0,I85430,
henry-mouat,parent,kathleen-alberta-mouat-1907,0,I20197,
kathleen-alberta-mouat-1907,spouse,robert-johnson-ii,0,I20197,
henry-stewart,parent,loretta-hutchison,0,I230008,
magnus-robertson-1836,parent,hugh-robertson,0,I119190,
robert-robertson-1796,parent,magnus-robertson-1836,0,I120379,
robert-robertson-1796,parent,john-robertson-iii,0,I120463,
magnus-robertson-1836,parent,robert-robertson-1866,0,I81669,
robert-robertson-1866,parent,charlotte-williamina-robertson-1897,0,I40910,
charlotte-williamina-robertson-1897,spouse,john-williamson-ii,0,I40910,
hugh-robertson,parent,george-stanley-robertson-1910,0,I164089,
george-stanley-robertson-1910,parent,agnes-hunter-robertson-1932,0,I131898,
agnes-hunter-robertson-1932,spouse,peter-francis-jamieson-1926,0,I131898,
james-jamieson-ii,parent,peter-francis-jamieson-1926,0,I53519,
hugh-sutherland,spouse,josephine-helen-hunter-1904,0,I30213,
williamina-linklater-morrison-1881,parent,josephine-helen-hunter-1904,0,I63767,
james-garriock-morrison-1846,parent,williamina-linklater-morrison-1881,0,I63765,
james-garriock-morrison-1846,parent,james-morrison,0,I63732,
james-anderson-i,parent,james-anderson-ii,0,I68570,
james-anderson-i,parent,thomas-anderson-iii,0,I51606,
janet-laurenson-1827,parent,thomas-anderson-iii,0,I51606,
janet-laurenson-1827,parent,james-anderson-ii,0,I68570,
james-anderson-i,parent,christina-margaret-anderson-1855,0,I67586,
christina-margaret-anderson-1855,parent,mary-nicolson-1888,0,I67591,
mary-nicolson-1888,spouse,james-bowie,0,I67591,
janet-laurenson-1827,parent,christina-margaret-anderson-1855,0,I67586,
james-campbell,parent,john-campbell-ii,0,I285066,
john-leisk,parent,harriet-goulborn-leisk-1877,0,I18193,
harriet-goulborn-leisk-1877,spouse,james-a-campbell-1879,0,I18193,
james-campbell,parent,james-a-campbell-1879,0,I18194,
elizabeth-wallace-hunter-1854,parent,james-a-campbell-1879,0,I18194,
elizabeth-wallace-hunter-1854,parent,john-campbell-ii,0,I285066,
john-inkster-ii,spouse,martha-goodlad-1891,0,I27505,
james-goodlad,parent,martha-goodlad-1891,0,I33826,
robert-ollason,spouse,joann-white-1881,0,I27257,
margaret-goodlad-1852,parent,joann-white-1881,0,I125303,
james-mouat-goodlad-1823,parent,margaret-goodlad-1852,0,I53637,
william-mcdougall,spouse,elizabeth-gordon-1883,0,I264602,
simon-gordon-1843,parent,elizabeth-gordon-1883,0,I240252,
simon-gordon-1843,parent,james-gordon,0,I80052,
janet-henderson-goodlad-1906,parent,james-henry,0,I38587,
williamina-catherine-pottinger-1885,parent,janet-henderson-goodlad-1906,0,I38584,
william-pottinger-1854,parent,williamina-catherine-pottinger-1885,0,I73799,
william-pottinger-1854,parent,james-pottinger-ii,0,I88244,
james-hunter-i,parent,christina-gifford-hunter-1826,0,I70055,
christina-gifford-hunter-1826,spouse,gilbert-harrison-1798,0,I70055,
elizabeth-brown-1793,parent,samuel-hunter,0,I3427,
elizabeth-brown-1793,parent,christina-gifford-hunter-1826,0,I70055,
william-baillie-mackenzie-harrison-1844,parent,john-harrison-ii,0,I18072,
gilbert-harrison-1798,parent,william-baillie-mackenzie-harrison-1844,0,I18068,
ross-smith,parent,peter-lesslie-smith-1851,0,I11003,
peter-lesslie-smith-1851,spouse,elizabeth-hunter-lancaster-1851,0,I11003,
ann-thwaites-hunter-1829,parent,elizabeth-hunter-lancaster-1851,0,I18382,
james-hunter-i,parent,ann-thwaites-hunter-1829,0,I70056,
james-tait-1790,parent,ursula-tait-1814,0,I5306,
ursula-tait-1814,parent,jessie-irvine-1848,0,I18088,
jessie-irvine-1848,spouse,james-hunter-ii,0,I18088,
peter-hunter-1835,parent,james-hunter-iii,0,I29428,
peter-hunter-1835,parent,robert-hunter-ii,0,I29429,
john-harrison-ii,parent,helen-harrison-1915,0,I39392,
helen-harrison-1915,spouse,james-hunter-iv,0,I39392,
john-james-anderson-1817,parent,thomas-anderson-i,0,I68998,
john-james-anderson-1817,sibling,willa-morrison-anderson-1824,0,I69447,
willa-morrison-anderson-1824,parent,james-inkster,0,I90168,
robert-jamieson-i,parent,james-jamieson-ii,0,I53514,
peter-mccullie-1813,parent,james-mccullie,0,I127056,
peter-mccullie-1813,parent,andrew-mccullie-1851,0,I127131,
andrew-mccullie-1851,parent,christine-flora-mccullie-1906,0,I35028,
christine-flora-mccullie-1906,spouse,robert-johnson-i,0,I35028,
alexander-gordon-paton-1933,parent,james-paton-ii,0,I199333,
james-paton-i,parent,alexander-gordon-paton-1933,0,I163393,
james-yorston,parent,catherine-duncan-yorston-1829,0,I18446,
catherine-duncan-yorston-1829,spouse,robert-pottinger-1818,0,I18446,
james-pottinger-i,parent,robert-pottinger-1818,0,I155895,
magnus-shearer-1824,parent,james-shearer,0,I50882,
magnus-shearer-1824,parent,robert-shearer-1859,0,I35384,
robert-shearer-1859,parent,magnus-shearer-i,0,I51559,
daniel-smith-1841,parent,james-smith-i,0,I19636,
daniel-smith-1841,parent,robert-smith,0,I9081,
james-smith-i,parent,patricia-irvine-smith-1917,0,I20283,
patricia-irvine-smith-1917,spouse,william-anderson-ii,0,I20283,
james-smith-i,spouse,lilias-isabella-leslie-1879,0,I19636,
charles-leslie-1839,parent,lilias-isabella-leslie-1879,0,I19638,
charles-leslie-1839,parent,john-leslie-ii,0,I35707,
lilias-isabella-leslie-1879,parent,patricia-irvine-smith-1917,0,I20283,
james-smith-1874,parent,james-smith-ii,0,I120105,
james-smith-1874,parent,prophet-smith,0,I139644,
robert-sinclair,parent,helen-sinclair-1866,0,I116901,
helen-sinclair-1866,spouse,archibald-sutherland-1856,0,I116901,
alexander-sutherland-1801,parent,archibald-sutherland-1856,0,I86180,
alexander-sutherland-1801,parent,james-sutherland,0,I85516,
john-tulloch-1807,parent,john-tulloch-iii,0,I78582,
malcolm-tulloch-1770,parent,john-tulloch-1807,0,I78566,
malcolm-tulloch-1770,parent,james-tulloch,0,I96692,
andrew-duncan-ii,spouse,catherine-gifford-1801,0,I10526,
catherine-gifford-1801,sibling,margaret-gifford-1785,0,I17415,
margaret-gifford-1785,spouse,james-yorston,0,I17141,
joseph-anderson-1806,parent,robert-anderson-ii,0,I10469,
joseph-anderson-1806,parent,john-anderson,0,I87228,
isabella-linklater-1810,parent,robert-anderson-ii,0,I10469,
thomas-linklater-1763,parent,isabella-linklater-1810,0,I35767,
isabella-linklater-1810,parent,john-anderson,0,I87228,
john-bruce-1798,parent,elizabeth-helen-bruce-1834,0,I12479,
elizabeth-helen-bruce-1834,parent,john-bruce-wingate-1869,0,I12485,
john-bruce-wingate-1869,parent,robert-bruce,0,I197159,
robert-linklater,parent,barbara-linklater-1844,0,I18060,
barbara-linklater-1844,spouse,thomas-laurence-harrison-1841,0,I18060,
gilbert-harrison-1798,parent,thomas-laurence-harrison-1841,0,I18059,
elizabeth-irvine-1854,parent,william-bruce-ii,0,I34310,
alexander-irvine-1829,parent,elizabeth-irvine-1854,0,I34271,
thomas-manson-i,spouse,margaret-helen-bruce-1885,0,I19349,
elizabeth-irvine-1854,parent,margaret-helen-bruce-1885,0,I57594,
janetta-harriet-hicks-adie-1843,parent,miles-walker-pole-1872,0,I8179,
janetta-harriet-hicks-adie-1843,parent,joseph-pole,0,I8188,
william-pole,parent,joseph-pole,0,I8188,
robert-blance,parent,jean-naneen-catherine-blance-1920,0,I172728,
jean-naneen-catherine-blance-1920,spouse,andrew-leslie-1918,0,I172728,
john-leslie-ii,parent,andrew-leslie-1918,0,I35726,
john-pearson-i,parent,john-pearson-ii,0,I32429,
mitchell-williamson,spouse,florence-emily-dalziel-1882,0,I12768,
janet-robertson-1841,parent,florence-emily-dalziel-1882,0,I12868,
robert-robertson-1802,parent,janet-robertson-1841,0,I139072,
alexander-peter-smith-1863,parent,william-smith-iii,0,I23011,
alexander-peter-smith-1863,parent,john-smith-ii,0,I24132,
alexander-sutherland-1842,parent,robert-sutherland,0,I107353,
alexander-sutherland-1842,parent,john-sutherland,0,I57808,
margaret-sutherland-1881,parent,robert-garrick,0,I40070,
alexander-sutherland-1842,parent,margaret-sutherland-1881,0,I40068,
james-johnston-smith-1828,parent,william-smith-i,0,I103578,
james-johnston-smith-1828,parent,margaret-barbara-smith-1861,0,I78583,
margaret-barbara-smith-1861,spouse,john-tulloch-iii,0,I78583,
robert-williamson-1840,parent,john-williamson-iii,0,I18771,
robert-williamson-1840,parent,johannah-williamson-1881,0,I18774,
johannah-williamson-1881,spouse,william-bruce-ii,0,I18774,
robert-brown-peterson-1830,parent,john-robert-peterson-1864,0,I126603,
john-robert-peterson-1864,parent,joseph-peterson-ii,0,I88579,
thomas-mountford-adie-1815,parent,janetta-harriet-hicks-adie-1843,0,I8171,
thomas-mountford-adie-1815,parent,william-adie,0,I9136,
william-pole,spouse,janetta-harriet-hicks-adie-1843,0,I8118,
laurence-edmondston-1868,parent,laurence-edmondston,0,I10729,
margaret-lendrum-logie-hamilton-1838,parent,laurence-edmondston-1868,0,I10727,
zachary-macaulay-hamilton-1805,parent,margaret-lendrum-logie-hamilton-1838,0,I10714,
william-duncan-ii,parent,grace-elizabeth-scott-duncan-1893,0,I10544,
grace-elizabeth-scott-duncan-1893,spouse,laurence-laurenson-1894,0,I10544,
laurence-laurenson-ii,parent,laurence-laurenson-1894,0,I30826,
robert-blance,spouse,jean-sandison-1888,0,I123985,
william-ogilvy-sandison-1856,parent,jean-sandison-1888,0,I121392,
william-ogilvy-sandison-1856,parent,laurence-sandison,0,I93633,
william-smith-iv,parent,norman-james-smith-1949,0,I27094,
norman-james-smith-1949,spouse,helen-sandra-manson-1952,0,I27094,
james-manson-1921,parent,helen-sandra-manson-1952,0,I27095,
magnus-manson,parent,james-manson-1921,0,I174536,
magnus-shearer-i,parent,magnus-shearer-ii,0,I72008,
mitchell-williamson-1845,parent,mitchell-williamson,0,I12768,
james-williamson-1793,parent,mitchell-williamson-1845,0,I33517,
james-williamson-1793,parent,margaret-ingram-williamson-1819,0,I94006,
margaret-ingram-williamson-1819,spouse,william-robertson,0,I94006,
thomas-cameron,parent,william-mouat-cameron-1854,0,I39749,
william-mouat-cameron-1854,parent,norman-cameron,0,I39751,
peter-anderson,parent,george-keith-anderson-1893,0,I40220,
george-keith-anderson-1893,spouse,adaline-jane-georgeson-1893,0,I40220,
peter-georgeson,parent,adaline-jane-georgeson-1893,0,I40198,
johan-isbister-sutherland-1904,parent,peter-malcolmson,0,I171061,
johan-isbister-sutherland-1904,sibling,jessie-may-sutherland-1909,0,I15487,
jessie-may-sutherland-1909,spouse,peter-hunter,0,I30540,
robert-anderson-i,parent,robert-anderson-iii,0,I14157,
robert-ganson-i,parent,robert-ganson-ii,0,I84533,
kathleen-hunter-1915,parent,theodore-smith,0,I140191,
kathleen-hunter-1915,sibling,josephine-mary-hunter-1919,0,I29408,
josephine-mary-hunter-1919,spouse,robert-garrick,0,I40071,
zachary-macaulay-hamilton-1805,parent,robert-george-cruikshank-hamilton-1836,0,I18044,
robert-george-cruikshank-hamilton-1836,parent,robert-hamilton,0,I18045,
gavin-henderson-1802,parent,robert-henderson-ii,0,I89662,
gavin-henderson-1802,parent,thomas-henderson-1840,0,I89663,
thomas-henderson-1840,parent,robert-gavin-henderson-1869,0,I97943,
robert-gavin-henderson-1869,parent,tom-henderson,0,I97945,
william-duncan-1790,parent,william-duncan-i,0,I16491,
william-duncan-1790,parent,john-tait-duncan-1822,0,I9101,
john-tait-duncan-1822,spouse,emily-mary-ann-hicks-1837,0,I9101,
robert-hicks,parent,emily-mary-ann-hicks-1837,0,I9100,
robert-hicks,spouse,janetta-harriet-adie-1808,0,I9098,
janetta-harriet-adie-1808,sibling,thomas-mountford-adie-1815,0,I9092,
ross-smith,parent,william-smith-ii,0,I11002,
william-duncan-1790,parent,catherine-ursula-duncan-1825,0,I41498,
catherine-ursula-duncan-1825,spouse,sinclair-duncan,0,I41498,
elizabeth-mouat-cameron-1813,parent,zachary-hamilton,0,I17127,
william-cameron-1780,parent,elizabeth-mouat-cameron-1813,0,I18047,
william-cameron-1780,parent,thomas-cameron,0,I39747,
william-smith-i,parent,mary-myrtle-viney-smith-1912,0,I318217,
mary-myrtle-viney-smith-1912,spouse,william-conochie,0,I318217,
