slug,sex
adam-halcrow-i,m
alan-fraser,m
alex-arthur,m
alexander-bennet,m
alexander-hay,m
alexander-manson,m
alexander-mitchell-i,m
alexander-mitchell-ii,m
alexander-morrison,m
alexander-nicol,m
alexander-sandison,m
alfred-stove,m
allison-duncan,m
amanda-westlake,f
amanda-youngman,f
andrea-manson,f
andrew-anderson,m
andrew-clark,m
andrew-cromarty,m
andrew-duncan,m
andrew-duncan-ii,m
andrew-garriock,m
andrew-grierson-i,m
andrew-grierson-ii,m
andrew-irvine-i,m
andrew-jamieson,m
andrew-mouat,m
andrew-smith,m
andrew-tait,m
andrew-tulloch,m
andrew-williamson,m
angus-gunn,m
archibald-garriock,m
archibald-greig,m
arthur-anderson,m
arthur-edmondston,m
arthur-hay,m
arthur-irvine-i,m
arthur-irvine-ii,m
arthur-johnson,m
arthur-laing,m
arthur-laurenson,m
arthur-nicolson-i,m
arthur-nicolson-ii,m
arthur-porteous,m
balfour-spence,m
barbara-anderson,f
barbara-cheyne,f
basil-neven-spence,m
caroline-miller,f
catherine-anderson,f
cecil-eunson-i,m
cecil-eunson-ii,m
charles-duncan,m
charles-gilbert-duncan-sandison-i,m
charles-hoseason,m
charles-laurenson,m
charles-manson,m
charles-merrylees,m
charles-mitchell,m
charles-ogilvy-i,m
charles-ogilvy-ii,m
charles-robertson,m
charles-sandison-ii,m
charles-spence,m
charles-stout,m
charlotte-nicol,f
christopher-sandison,m
david-burns,m
david-gray-ii,m
david-murray,m
david-nicolson,m
david-williamson,m
edward-adie,m
edward-thomason,m
edwyn-tait,m
erling-clausen,m
florence-grains,f
francis-pottinger,m
fraser-peterson,m
frederick-tait,m
george-anderson,m
george-blance,m
george-burgess,m
george-hay,m
george-jamieson,m
george-kay,m
george-laurence,m
george-leslie-i,m
george-morrison,m
george-sinclair,m
george-smith-i,m
george-tait,m
gilbert-duncan,m
gilbert-harrison,m
gilbert-paterson,m
gilbert-tait,m
grace-halcrow,f
greta-mcelvogue,f
harry-drever,m
hazel-simpson,f
henry-henderson,m
henry-hunter,m
henry-mouat,m
henry-stewart,m
hugh-robertson,m
hugh-sutherland,m
hugh-williamson,m
ian-holbourn,m
isaac-cowie,m
james-adie,m
james-anderson-i,m
james-anderson-ii,m
james-bowie,m
james-campbell,m
james-gear,m
james-goodlad,m
james-gordon,m
james-goudie,m
james-greig,m
james-grierson,m
james-henry,m
james-hunter-i,m
james-hunter-ii,m
james-hunter-iii,m
james-hunter-iv,m
james-inkster,m
james-jamieson-ii,m
james-johnson,m
james-manson,m
james-mccullie,m
james-morrison,m
james-mouat-i,m
james-mouat-ii,m
james-mouat-iii,m
james-ogilvy,m
james-paton-i,m
james-paton-ii,m
james-pottinger-i,m
james-pottinger-ii,m
james-pottinger-iii,m
james-shearer,m
james-smith-i,m
james-smith-ii,m
james-sutherland,m
james-tulloch,m
james-yorston,m
jemima-walterson,f
joan-easten,f
joan-mcleod,f
john-anderson,m
john-bruce,m
john-campbell-i,m
john-campbell-ii,m
john-cowie,m
john-harrison-i,m
john-harrison-ii,m
john-henderson,m
john-hughson,m
john-inkster-ii,m
john-inkster-iii,m
john-irvine-iii,m
john-jamieson,m
john-leisk,m
john-leslie-ii,m
john-love,m
john-morrison-i,m
john-ogilvy,m
john-pearson-i,m
john-pearson-ii,m
john-robertson-i,m
john-robertson-ii,m
john-robertson-iii,m
john-robertson-iv,m
john-sandison,m
john-sinclair,m
john-smith-ii,m
john-stewart,m
john-sutherland,m
john-tait,m
john-tulloch-i,m
john-tulloch-iii,m
john-tulloch-iv,m
john-williamson-ii,m
john-williamson-iii,m
joseph-leask,m
joseph-linklater,m
joseph-peterson-i,m
joseph-peterson-ii,m
joseph-pole,m
laurence-anderson,m
laurence-bruce-ii,m
laurence-cogle,m
laurence-edmondston,m
laurence-johnson,m
laurence-laurenson-i,m
laurence-laurenson-ii,m
laurence-sandison,m
laurence-smith,m
laurence-stove,m
leslie-eunson,m
lewis-garriock,m
lindsay-robertson,m
loretta-hutchison,f
magnus-burns,m
magnus-manson,m
magnus-sandison,m
magnus-shearer-i,m
magnus-shearer-ii,m
mary-colligan,f
mitchell-williamson,m
norman-cameron,m
peter-anderson,m
peter-garrick,m
peter-garriock-i,m
peter-georgeson,m
peter-goodlad,m
peter-hunter,m
peter-malcolmson,m
peter-robertson,m
prophet-smith,m
robert-anderson-i,m
robert-anderson-ii,m
robert-anderson-iii,m
robert-balfour,m
robert-blance,m
robert-bruce,m
robert-deans,m
robert-ganson-i,m
robert-ganson-ii,m
robert-garrick,m
robert-goudie,m
robert-gray,m
robert-hamilton,m
robert-henderson-ii,m
robert-hicks,m
robert-hunter-i,m
robert-hunter-ii,m
robert-jamieson-i,m
robert-johnson-i,m
robert-johnson-ii,m
robert-linklater,m
robert-ollason,m
robert-sinclair,m
robert-smith,m
robert-stout-i,m
robert-sutherland,m
ross-smith,m
samuel-hunter,m
selina-garriock,f
sinclair-duncan,m
steven-coutts,m
theodore-smith,m
thomas-anderson-i,m
thomas-anderson-iii,m
thomas-cameron,m
thomas-manson-i,m
thomas-manson-ii,m
thomas-sandison,m
thomas-sinclair,m
thomas-stove,m
tom-henderson,m
vaila-wishart,f
westwood-hay,m
william-adie,m
william-anderson-ii,m
william-bruce-i,m
william-bruce-ii,m
william-clark-i,m
william-clark-ii,m
william-conochie,m
william-duncan-i,m
william-duncan-ii,m
william-hamilton,m
william-hay,m
william-henry,m
william-jamieson,m
william-levie,m
william-mcdougall,m
william-merrylees,m
william-pole,m
william-robertson,m
william-sievwright-i,m
william-sievwright-ii,m
william-smith-i,m
william-smith-ii,m
william-smith-iii,m
william-smith-iv,m
william-spence,m
william-tait,m
william-thomson-ii,m
william-tulloch,m
williamina-tait,f
zachary-hamilton,m
