key,name,born,died,sex,bayanne_id,note
margaret-mouat-1779,Margaret Cameron Mouat,1779-08-02,1871-07-31,f,I18050,Chart: Margaret Mouat 1780-1871. Mother of Thomas Cameron.
john-mouat-1752,John Mouat,1752-02-08,1824-12-12,m,I18051,Chart: 1751-1824.
elizabeth-mouat-1741,Elizabeth Mouat,1741,1778-05-20,f,I37391,"Bayanne: b. abt 1741, Garth."
elizabeth-hunter-1774,Elizabeth Hunter,1774-09-25,1803-03-25,f,I12472,
john-bruce-1798,John Bruce,1798-02-17,1885-01-21,m,I12473,Of Sandlodge. Not in people or LTC candidacies.
william-mouat-1714,William Mouat,1714,,m,I12245,Burravoe. Death unknown on Bayanne.
robert-mouat-1689,Robert Mouat,1689,1724,m,I1195,Chart: Robert Mowat 1689-1724. Bayanne: b. abt 1689; father Arthur Mowat.
margaret-mouat-1702,Margaret Mouat,,,f,I1194,"Chart: Margaret Mowat 1702-?. Bayanne: b. bef 1702, Volister; death unknown. Wife of Hosea Anderson."
arthur-hoseason-1724,Arthur Hoseason,1724,,m,I1197,"Bayanne: b. abt 1724, d. aft 1783, Aywick (chart 1724-1783)."
john-hoseason-1745,John Hoseason,,,m,I3332,"Chart: 1745-?. Bayanne: b. aft 1745, Aywick; death unknown."
robert-hoseason-1785,Robert Hoseason,1785-04-15,1835-02-06,m,I3367,
ann-hoseason-1810,Ann Hoseason,1810-11-02,1846-08-30,f,I3499,Wife of James Hoseason.
james-hoseason-1805,James Hoseason,1805-07-08,1867-02-04,m,I3358,"Chart: 1805-1875. Bayanne: d. 4 Feb 1867, Craigend, Perth."
jane-hoseason-1812,Jane Hoseason,1812-07-08,1875-07-18,f,I3413,
robert-spence-1802,Robert Neven Spence,1802-11-22,1863-12-16,m,I4282,Chart: Robert Spence.
jessie-spence-1801,Jessie Spence,1801-06-14,1867-06-05,f,I4281,
barbara-hunter-1849,Barbara Goudie Hunter,1849-01-22,1926-11-24,f,I3426,
margaret-hunter-1852,Martha Margaret Nicolson Hunter,1852-04-15,1940-03-30,f,I18100,Chart: Margaret Hunter 1852-1940.
barbara-hunter-1819,Barbara Hunter,1819-03-17,1900-06-15,f,I45513,"d. Camberwell, Victoria."
sinclair-goudie-1812,Sinclair Goudie,1812,1900-06-05,m,I45514,"Chart: 1771-1855, which are his father Robert Goudie's (I45515) dates."
marable-hughson-1817,Marable Hughson,1817,1890-03-10,f,I211692,d. Dunedin.
william-goudie-1809,William Goudie,1809-08-29,1886-12-02,m,I211691,"Chart: 1798-1869, which are his brother Robert Goudie's dates. Dates from his entry on I211692 (wife's page) and I45515 (father's page)."
janet-mouat-1816,Janet Mouat,1816-04-22,1888-07-21,f,I68961,
jerome-mouat-1751,Jerome Mouat,1751,1822-02-02,m,I45010,
peter-mouat-1774,Peter Mouat,1774-09-26,,m,I44993,Chart: 1774-1841. Bayanne: d. aft 1841.
jeremiah-mouat-1804,Jeremiah Mouat,1804-08-19,1864-03-09,m,I44994,
henry-mouat-1843,Henry Mouat,1843-05-04,1916,m,I44998,
john-mouat-1754,John Mouat,1754-09-05,,m,I15244,"Captain. Chart: 1754-1845. Bayanne: d. bef 1845, Brockfirth."
mary-mouat-1801,Mary Mouat,1801,1885-04-17,f,I40215,
louisa-umphray-1847,Louisa Ann Umphray,1847,1905-11-18,f,I40212,
lewis-umphray-1771,Lewis Francis Cumming Umphray,1771-06-06,1823-05-11,m,I18402,"Chart: Lewis Umphray 1764?-1791?, which are his sister Ann's dates."
ann-umphray-1764,Anne Umphray,1764-09-26,1791-06-09,f,I6249,
andrew-umphray-1815,Andrew Umphray,1815-03-22,1897-07-24,m,I18404,"Not on chart. Intermediate: son of Lewis Umphray, father of Louisa."
mary-hay-1786,Mary Hay,1786-07-01,1867-04-10,f,I6251,Wife of Arthur Gifford of Busta.
andrew-hay-1789,Andrew Hay,1789-03-01,1860-02-24,m,I6254,
joan-mary-nicolson-1823,Joan Mary Nicolson,1823,1891-04-12,f,I4227,
robert-nicolson-1791,Robert Nicolson,1791,1862-01-15,m,I16945,
williamina-nicolson-1815,Williamina Nicolson,1815-08-31,1888-03-22,f,I121491,
magnus-bruce-1816,Magnus Bruce,1816-06-09,1891-12-10,m,I121490,
erasmus-bruce-1778,Erasmus Bruce,1778-10-12,1855-04-04,m,I16952,
sinclair-bruce-1795,Sinclair Bruce,1795,1877,f,I16965,Female (wife of Thomas Edmondston).
thomas-edmondston-1779,Thomas Charles Edmondston,1779-01-15,1858-11-26,m,I10640,
martha-spence-1785,Martha Margaret Spence,1785,1875-05-28,f,I4221,
jane-fea-1795,Jane Green Fea,1795,1865-05-18,f,I4240,
thomas-fea-1767,Thomas Fea,1767-12-14,1841-11-01,m,I4241,Chart: 1787-1841.
martha-fea-1802,Martha Fea,1802-05-29,1891-03-07,f,I17129,
barbara-fea-1743,Barbara Fea,1743,1812-12-24,f,I37427,"Bayanne: b. abt 1743. Daughter of an older Thomas Fea (I363803, b. bef 1716) and Margaret Bolt, not of Thomas Fea 1767."
thomas-leask-1768,Thomas Leask,1768,1833-07-13,m,I37428,Captain.
elizabeth-ogilvy-1791,Elizabeth Ogilvy,1791-04-30,1834-03-22,f,I10512,
margaret-ogilvy-1792,Margaret Ogilvy,1792-07-08,1838-08-27,f,I6260,
charlotte-ogilvy-1789,Charlotte Ogilvy,1789-11-25,1827-10-31,f,I18308,
thomas-ogilvy-1762,Thomas Ogilvy,1762,1819-01-21,m,I18309,
william-duncan-1805,William Rae Duncan,1805,1876-01-17,m,I10530,Chart: William Duncan 1805?-1876. Father of William Rae Duncan 1858-1945 (william-duncan-ii).
lewis-garriock-1825,Lewis Francis Umphray Garriock,1825-02-10,1902-03-01,m,I18411,"PINK (councillor) on chart, but not in people and no candidacy. d. Seafield House, Dundee."
margaret-greig-1789,Margaret Greig,1789-03-11,1872-01-28,f,I18401,"Married (1) Lewis Umphray, (2) James Garriock."
ann-deans-1790,Ann Deans,1790,1864,f,I45554,"Chart: 1790-1855. Bayanne: d. 1864, Dundonald."
james-greig-1773,James Greig,1773-12-15,1855-01-03,m,I45553,"PINK (councillor) on chart, but not in people; LTC candidacies 1818-1832 named James Greig are all linked to james-greig (1785). d. Leog House."
catherine-innes-1750,Catherine Innes,,1808-01-20,f,I45551,"Chart: c.1750-1806. Bayanne: birth unknown, d. 20 Jan 1808. Married (1) William Greig, (2) John Morrison."
barbara-innes-1765,Barbara Innes,1765,1840-08-13,f,I18340,
francis-heddell-1762,Francis Heddell,1762-10-18,1815-12-06,m,I18338,
anderina-heddell-1800,Anderina Heddell,1800,1867,f,I45543,"Chart: 1800-1841+. Bayanne: d. 1867, Kincardine."
cecilia-heddell-1790,Cecilia Heddell,1790-07-29,1834-05-01,f,I18011,
margaret-greig-1814,Margaret Heddell Greig,1814-02-08,1872-01-16,f,I45527,
julia-greig-1823,Julia Jemima Greig,1823-09-10,1871-06-25,f,I17099,
cecilia-greig-1830,Cecilia Greig,1830-06-18,1893-02-16,f,I68379,
eliza-greig-1815,Eliza Greig,1815-07-09,1881-01-22,f,I18078,
cecilia-gordon-1794,Cecilia Gordon,1794-06-09,1860-01-03,f,I18313,
georgina-smith-1864,Georgina Eliza Smith,1864-05-19,1893-03-02,f,I37373,"d. Nepigon, Ontario."
james-smith-1830,James Smith,1830-04-14,1869,m,I242471,Chart: 1830-?.
james-cowie-1853,James Greig Cowie,1853-11-09,1913-10-12,m,I45539,
robert-goodlad-1905,Robert Goodlad,1905-03-03,1995-02-18,m,I53635,
jemima-barbara-halcrow-1902,Jemima Barbara Halcrow,1902-10-31,1948-07-24,f,I53636,
andrew-clark-1819,Andrew Clark,1819-12-13,1890-09-22,m,I11248,
christina-mary-clark-1860,Christina Mary Clark,1860-10-06,1927-03-16,f,I11249,
john-robert-morrison-1879,John Robert Morrison,1879-06-28,1967-11-27,m,I41538,
jemima-catherine-morrison-1894,Jemima Catherine Morrison,1894-11-28,1977-10-10,f,I16137,
margaret-louisa-leisk-1881,Margaret Louisa Leisk,1881-01-22,1966-12-27,f,I15637,
alice-leisk-durham-1910,Alice Leisk Durham,1910-01-04,1967-05-08,f,I87230,
charles-hay-1815,Charles Hay,1815-07-29,1892-01-29,m,I6267,
charles-hay-1843,Charles Hay,1843-05-07,1912-02-10,m,I6306,
barbara-ross-1806,Barbara Ross,,1806-03-12,f,I6262,Bayanne birth bef 1770
zachary-macaulay-hamilton-1805,Zachary Macaulay Hamilton,1805-01-12,1876-07-17,m,I6337,
ann-helen-hamilton-1835,Ann Helen Hamilton,1835-03-21,1921-06-17,f,I68178,
james-greig-1826,James Greig,1826-11-08,1859-11-03,m,I18014,
emma-heriot-buchan-1829,Emma Heriot Buchan,1829,1876-11-14,f,I18015,
christian-helen-agnes-walker-1866,Christian Helen Agnes Walker,1866-11-23,1952-01-18,f,I6308,
helen-rene-blance-1925,Helen Rene Blance,1925-05-12,2016-07-07,f,I132880,
alexander-manson-1922,Alexander Manson,1922-08-20,1973-12-21,m,I172749,
marjory-jane-morrison-1911,Marjory Jane Morrison,1911-06-14,1951-01-22,f,I63734,
jean-simpson-1881,Jean Simpson,1881,1949-01-31,f,I63733,
alexander-nicol-1767,Alexander Nicol,1767-09-27,1837-09-29,m,I93560,
cecilia-innes-nicol-1806,Cecilia Innes Nicol,1806-09-06,1879-05-25,f,I96691,
barbara-nicol-1809,Barbara Nicol,1809-04-06,1848-04-15,f,I94019,
barbara-tait-1820,Barbara Tait,1820-05-31,1885,f,I122946,
margaret-linklater-1794,Margaret Linklater,1794-05-17,1874-03-21,f,I44119,
thomas-linklater-1763,Thomas Linklater,1763,1855-01-18,m,I23995,
alexander-sandison-1776,Alexander Sandison,1776,1843,m,I8117,
anne-sandison-1801,Anne Sandison,1801-11-01,1886-05-26,f,I32621,
elizabeth-sandison-1807,Elizabeth Sandison,1807-06-01,1859-01-05,f,I16433,
ethel-elizabeth-leisk-1879,Ethel Elizabeth Leisk,1879-05-12,1958-10-11,f,I18196,
miles-walker-pole-1872,Miles Walker Pole,1872-01-27,1935-02-02,m,I8179,
margaret-johnson-1830,Margaret Johnson,1830-06-08,1902-08-04,f,I16446,
elizabeth-leisk-1830,Elizabeth Leisk,1830-05-21,1879-12-17,f,I10066,
elizabeth-greig-pole-1835,Elizabeth Greig Pole,1835-12-19,1886-12-24,f,I8152,
barbara-catherine-johnson-1819,Barbara Catherine Johnson,1819-06-01,1889-04-20,f,I16490,
thomas-stove-1808,Thomas Stove,1808-11-18,1873-06-16,m,I84961,
alexander-george-smith-duncan-1911,Alexander George Smith Duncan,1911-11-20,1989-11-14,m,I355,
lizzie-duncan-1910,Lizzie Duncan,1910-06-07,1986-08-29,f,I35652,
william-anderson-1880,William Anderson,1880-08-01,1918-11-12,m,I13831,
laurence-duncan-anderson-1913,Laurence Duncan Anderson,1913-12-15,1972-02-06,m,I13834,
mary-irvine-1865,Mary Irvine,1865-12-27,1943-12-18,f,I39862,
ann-tait-irvine-1880,Ann Tait Irvine,1880-11-20,1971-02-28,f,I13832,
margaret-sinclair-robertson-1895,Margaret Sinclair Robertson,1895-12-13,1959-01-21,f,I60438,
christina-robertson-1892,Christina Robertson,1892-01-12,1964-03-19,f,I71830,
florence-emily-garriock-1870,Florence Emily Garriock,1870-06-15,1929-01-10,f,I106229,
mary-helen-macdougall-1901,Mary Helen Macdougall,1901-05-11,1968-06-29,f,I44730,
mary-robertson-1832,Mary Robertson,1832,1913-07-25,f,I18330,
grace-scott-1780,Grace Scott,1780-03-02,,f,I10507,
agnes-garriock-1864,Agnes Garriock,1864-05-14,1936-12-14,f,I106228,
robert-robertson-1802,Robert Robertson,1802-02-08,1855-03-04,m,I18326,
john-robertson-1775,John Robertson,1775,1863-02-11,m,I18314,
mary-marjory-williamson-1890,Mary Marjory Williamson,1890-11-26,1974-11-29,f,I88512,
james-grierson-1787,James Grierson,1787,1863-12-10,m,I3993,
elizabeth-mitchell-sinclair-grierson-1868,Elizabeth Mitchell Sinclair Grierson,1868-03-21,1945-06-16,f,I9245,
agnes-mary-grierson-1836,Agnes Mary Grierson,1836-06-07,1875,f,I3992,Bayanne death month only (Apr 1875)
charles-ogilvy-robertson-1833,Charles Ogilvy Robertson,1833-03-23,1879-12-29,m,I3990,
alice-geraldine-clifford-1837,Alice Geraldine Clifford,1837-06-09,1917-08-17,f,I18020,
margaret-ingram-robertson-1853,Margaret Ingram Robertson,1853-12-03,1913-01-28,f,I92384,
charles-robertson-1793,Charles Robertson,1793-05-12,,m,I11327,Bayanne death aft 1851
elsie-mckenzie-1908,Elsie McKenzie,1908-12-05,1991-05-19,f,I163998,
andrina-marshall-mouat-1886,Andrina Marshall Mouat,1886-01-27,1945-05-01,f,I125026,
marshall-mouat-1860,Marshall Mouat,1860,,m,I93240,
agnes-inkster-1850,Agnes Inkster,1850-01-08,1937-09-26,f,I70271,
james-inkster-1819,James Inkster,1819-07-31,1872-05-21,m,I70278,
charlotte-smith-1871,Charlotte Smith,1871-06-13,1960-06-15,f,I119065,
john-smith-1832,John Smith,1832-08-30,1909-12-05,m,I123377,
arthur-smith-1803,Arthur Smith,1803,1879-03-31,m,I70272,
arthur-james-smith-1877,Arthur James Smith,1877-12-25,1964-08-17,m,I70268,
jean-johnston-campbell-1886,Jean Johnston Campbell,1886-05-01,1968-05-09,f,I70269,
alexander-campbell-1843,Alexander Campbell,1843-02-15,1924-01-12,m,I70280,
robert-brown-peterson-1830,Robert Brown Peterson,1830-11-21,1909-04-03,m,I86872,
helen-peterson-1866,Helen Peterson,1866-06-17,1935-03-08,f,I38196,
andrew-john-tait-1906,Andrew John Tait,1906-06-30,1991-08-15,m,I127396,
william-andrew-williamson-1880,William Andrew Williamson,1880-02-16,1957-04-06,m,I189,
catherine-elizabeth-spence-1844,Catherine Elizabeth Spence,1844-07-03,1942-02-10,f,I176,
aneas-spence-1808,Aneas Spence,1808,1886-08-27,m,I177,
robert-rose-gunn-1840,Robert Rose Gunn,1840-02-19,1927-07-05,m,I76563,
margaret-gunn-1876,Margaret Gunn,1876-11-13,1966-12-03,f,I76549,
elizabeth-margaret-mckay-leslie-1906,Elizabeth Margaret McKay Leslie,1906-03-10,2002-12-06,f,I76545,
james-garriock-1795,James Garriock,1795,1837-03-27,m,I18410,Bayanne birth about 1795
archibald-greig-1757,Archibald Greig,1757,1831-10-13,m,I17101,
ann-elizabeth-hay-1819,Ann Elizabeth Hay,1819-08-14,1900-02-03,f,I6276,
barbara-anderson-1791,Barbara Anderson,1791,1861-01-17,f,I90943,
robert-anderson-1761,Robert Anderson,1761-01-06,1844-01-19,m,I33030,
may-jamieson-1906,May Jamieson,1906-08-28,1987-05-29,f,I163364,
arthur-laurenson-1774,Arthur Laurenson,1774,1858-08-01,m,I29319,
christina-laurenson-1815,Christina Laurenson,1815-07-16,1885-03-06,f,I29881,
peter-laurenson-1814,Peter Laurenson,1814-07-05,1865-11-15,m,I29928,
janet-duncan-robertson-1847,Janet Duncan Robertson,1847-11-11,1925-11-13,f,I81807,
helen-robertson-1855,Helen Robertson,1855-05-08,1947-01-26,f,I29888,
jane-inches-laurenson-1834,Jane Inches Laurenson,1834-09-24,1912-01-22,f,I29932,
catherine-hoseason-gray-1794,Catherine Hoseason Gray,1794-09-29,1870-07-25,f,I13126,
margaret-johnson-1863,Margaret Johnson,1863-03-21,1923-08-02,f,I18092,
elizabeth-johnson-1859,Elizabeth Johnson,1859-03-18,1940-04-12,f,I18143,
william-spence-1881,William Spence,1881-11-22,1973-07-18,m,I18696,
william-hoseason-spence-1840,William Hoseason Spence,1840-05-31,1881-07-21,m,I1322,
hugh-anderson-1860,Hugh Anderson,1860-11-02,1916-02-26,m,I30891,
joseph-george-anderson-1870,Joseph George Anderson,1870-05-05,1932-05-31,m,I34562,
florence-margaret-mcmurdo-spence-1879,Florence Margaret McMurdo Spence,1879-09-11,1970-12-14,f,I10728,
thomas-william-leisk-spence-1845,Thomas William Leisk Spence,1845-06-27,1923-11-09,m,I4322,
jeremiah-eunson-1887,Jeremiah Eunson,1887-07-29,1967-02-03,m,I97793,
robert-stewart-eunson-1916,Robert Stewart Eunson,1916-12-19,1986-02-07,m,I33864,
mary-ann-sutherland-1879,Mary Ann Sutherland,1879-10-06,1960-11-24,f,I31886,
phyllis-robina-agnes-grains-1915,Phyllis Robina Agnes Grains,1915-09-11,1990-10-15,f,I33874,
annie-irene-kathleen-may-mundell-sandison-1897,Annie Irene Kathleen May Mundell Sandison,1897-10-11,1990-11-07,f,I87313,
thomas-erlend-stewart-sandison-1893,Thomas Erlend Stewart Sandison,1893-04-09,1957-03-03,m,I18345,
mary-mundell-1855,Mary Mundell,1855-03-11,1944-08-26,f,I21362,
william-stewart-1863,William Stewart,1863-08-12,1940,m,I5382,
catherine-stewart-1872,Catherine Stewart,1872-04-13,1930-11-11,f,I54392,
euphemia-merrylees-1831,Euphemia Merrylees,1831-07-20,1905-10-06,f,I68996,
william-johnson-1852,William Johnson,1852-09-27,1910-07-10,m,I4605,
catherine-johnson-1888,Catherine Johnson,1888-11-11,1964-06-24,f,I18698,
james-stout-1818,James Stout,1818-06-14,1894-09-12,m,I25916,
elizabeth-stout-1869,Elizabeth Stout,1869-08-10,1950-10-25,f,I120724,
margaret-mainland-1859,Margaret Mainland,1859-11-03,1946-09-27,f,I118155,
ann-sinclair-1836,Ann Sinclair,1836-02-05,1919-10-03,f,I120690,
george-sinclair-1804,George Sinclair,1804-11-05,1888-03-30,m,I69882,
john-clark-1746,John Clark,1746,1823,m,I11190,
elizabeth-clark-1778,Elizabeth Clark,1778-06-22,1862-12-30,f,I11940,
john-sandison-1808,John Sandison,1808-05-16,1890-01-19,m,I11968,
robert-blance-gray-1858,Robert Blance Gray,1858-10-06,1943-04-10,m,I49983,
robina-ann-gray-1885,Robina Ann Gray,1885-07-21,1940-11-19,f,I49989,
james-ogilvy-1821,James Ogilvy,1821-11-17,1897-07-26,m,I92743,
thomas-alexander-ogilvy-1857,Thomas Alexander Ogilvy,1857-01-01,1939-08-28,m,I92742,
jessie-ann-florence-ogilvy-1880,Jessie Ann Florence Ogilvy,1880-08-26,1972-03-02,f,I35903,
james-mouat-goodlad-1823,James Mouat Goodlad,1823-11-16,1867-11-16,m,I24018,
catherine-goodlad-1845,Catherine Goodlad,1845-01-13,1922-07-30,f,I69407,
margaret-douglas-gray-1849,Margaret Douglas Gray,1849-12-01,1922-04-03,f,I9172,
grace-dorothy-anderson-1898,Grace Dorothy Anderson,1898-04-10,1981-12-30,f,I48878,
matilda-annabella-adie-1879,Matilda Annabella Adie,1879-01-07,1960-03-16,f,I9183,
mary-margaret-anderson-1887,Mary Margaret Anderson,1887-12-20,1969-02-24,f,I34439,
margaret-irvine-1865,Margaret Irvine,1865-09-27,1936-07-24,f,I34277,
alexander-irvine-1829,Alexander Irvine,1829-09-30,1916-07-22,m,I34265,
andrew-james-abernethy-1884,Andrew James Abernethy,1884-01-19,1967-02-25,m,I181036,
henrietta-ruby-abernethy-1929,Henrietta Ruby Abernethy,1929-04-30,2008-06-30,f,I174315,
alexander-manson-campbell-1925,Alexander Manson Campbell,1925-01-10,1999-07-22,m,I71192,
ann-isbister-gair-1892,Ann Isbister Gair,1892-01-07,1972-03-24,f,I230726,
henrietta-ruby-gair-1899,Henrietta Ruby Gair,1899-06-08,1975-11-03,f,I181037,
joseph-hunter-grains-1903,Joseph Hunter Grains,1903-10-19,1962-02-23,m,I33869,
alistair-magnus-grains-1938,Alistair Magnus Grains,1938-02-15,1998-12-22,m,I34912,
francis-pottinger-1844,Francis Pottinger,1844,1923-11-02,m,I28893,
grace-murray-pottinger-1848,Grace Murray Pottinger,1848,1930-06-29,f,I28789,
barron-peterson-1891,Barron Peterson,1891-07-04,1958-01-08,m,I134451,
margaret-anderson-1868,Margaret Anderson,1868-05-22,1892-05-15,f,I34639,
john-macgowan-anderson-1837,John MacGowan Anderson,1837-02-23,1901-12-25,m,I34496,
margaret-l-kay-1843,Margaret L. Kay,1843,1924-03-19,f,I45603,
david-kay-1811,David Kay,1811-05-12,1883-06-06,m,I29270,
helen-joanna-hunter-anderson-1835,Helen Joanna Hunter Anderson,1835-01-10,1912-10-14,f,I30231,
george-william-goalen-burgess-1926,George William Goalen Burgess,1926-09-22,2022-03-15,m,I180048,
mary-christina-smith-1929,Mary Christina Smith,1929-03-22,2011-01-20,f,I181161,
ursula-catherine-bruce-1830,Ursula Catherine Bruce,1830-04-30,1910-04-19,f,I9237,
robert-bruce-1827,Robert Bruce,1827-04-01,1873-04-02,m,I9224,
ann-jane-jamieson-1904,Ann Jane Jamieson,1904-12-15,1986-01-28,f,I19108,
helen-henrietta-jane-duncan-1888,Helen Henrietta Jane Duncan,1888-12-12,1957-05-22,f,I10541,
george-theodore-kay-1888,George Theodore Kay,1888-09-25,1977-02-26,m,I108505,
jane-linklater-1855,Jane Linklater,1855-11-11,1935,f,I87666,
robert-burgess-laurence-1840,Robert Burgess Laurence,1840,1893-09-08,m,I87665,
margaret-burgess-1810,Margaret Burgess,1810-09-02,1862-11-28,f,I18317,
mary-burgess-1816,Mary Burgess,1816-06-22,1865-07-05,f,I86838,
anne-elizabeth-harrison-1879,Anne Elizabeth Harrison,1879-09-03,1950-03-17,f,I41681,
arthur-harrison-1795,Arthur Harrison,1795,1852-10-01,m,I40308,
gilbert-harrison-1798,Gilbert Harrison,1798-07-20,1882-08-03,m,I9198,
margaret-elizabeth-lillias-crutwell-1865,Margaret Elizabeth Lillias Crutwell,1865,1954-02-15,f,I10032,
lilias-greig-tait-1828,Lilias Greig Tait,1828-08-28,1891-12-31,f,I5310,
james-tait-1790,James Tait,1790-05-07,1870-12-10,m,I5305,
catherine-tait-1789,Catherine Tait,1789,1827-02-27,f,I5304,
andrew-tait-1764,Andrew Tait,1764,1853-03-20,m,I5302,
hilda-manson-1890,Hilda Manson,1890-05-09,1938-10-15,f,I120042,
barbara-cormack-anderson-1892,Barbara Cormack Anderson,1892-01-28,1977-02-10,f,I35398,
katherine-jane-cormack-moffat-1922,Katherine Jane Cormack Moffat,1922-02-12,1985-11-13,f,I182046,
john-henderson-1810,John Henderson,1810,1893-05-29,m,I33119,
john-henderson-1845,John Henderson,1845-07-05,1926-03-30,m,I37572,
kathleen-alberta-mouat-1907,Kathleen Alberta Mouat,1907-06-30,1991-12-02,f,I20197,
magnus-robertson-1836,Magnus Robertson,1836-04-29,1922-06-15,m,I120379,
robert-robertson-1796,Robert Robertson,1796,1884-04-06,m,I82612,Bayanne birth month only (Dec 1796)
robert-robertson-1866,Robert Robertson,1866-06-17,1957-01-25,m,I81669,
charlotte-williamina-robertson-1897,Charlotte Williamina Robertson,1897-07-23,1976-12-22,f,I40910,
george-stanley-robertson-1910,George Stanley Robertson,1910-12-07,1993-12-19,m,I164089,
agnes-hunter-robertson-1932,Agnes Hunter Robertson,1932-10-26,2013-12-08,f,I131898,
peter-francis-jamieson-1926,Peter Francis Jamieson,1926-06-26,1999-05-14,m,I53519,
josephine-helen-hunter-1904,Josephine Helen Hunter,1904-10-06,1993-12-03,f,I63767,
williamina-linklater-morrison-1881,Williamina Linklater Morrison,1881-08-30,1968-06-11,f,I63765,
james-garriock-morrison-1846,James Garriock Morrison,1846-01-15,1883-02-22,m,I63730,
janet-laurenson-1827,Janet Laurenson,1827-10-14,1911-05-24,f,I51604,
christina-margaret-anderson-1855,Christina Margaret Anderson,1855-08-31,1937-04-29,f,I67586,
mary-nicolson-1888,Mary Nicolson,1888-02-27,1974-01-15,f,I67591,
harriet-goulborn-leisk-1877,Harriet Goulborn Leisk,1877-04-14,1958-03-01,f,I18193,
james-a-campbell-1879,James A. Campbell,1879-10-24,1951-09-30,m,I18194,
elizabeth-wallace-hunter-1854,Elizabeth Wallace Hunter,1854,1938-12-01,f,I8970,
martha-goodlad-1891,Martha Goodlad,1891-07-28,1984-01-11,f,I33826,
joann-white-1881,Joann White,1881-04-09,1962-09-18,f,I125303,
margaret-goodlad-1852,Margaret Goodlad,1852-08-14,1914-12-25,f,I53637,
elizabeth-gordon-1883,Elizabeth Gordon,1883-09-18,1926-06-13,f,I240252,
simon-gordon-1843,Simon Gordon,1843,1914-01-06,m,I125559,
janet-henderson-goodlad-1906,Janet Henderson Goodlad,1906-09-23,1998-05-01,f,I38584,
williamina-catherine-pottinger-1885,Williamina Catherine Pottinger,1885,1947-05-17,f,I73799,
william-pottinger-1854,William Pottinger,1854-07-20,1920-11-03,m,I73803,
christina-gifford-hunter-1826,Christina Gifford Hunter,1826-06-30,1904-09-23,f,I70055,
elizabeth-brown-1793,Elizabeth Brown,1793,1874-02-18,f,I18086,Bayanne birth month only (Jun 1793)
william-baillie-mackenzie-harrison-1844,William Baillie MacKenzie Harrison,1844-07-13,1880-10-14,m,I18068,
peter-lesslie-smith-1851,Peter Lesslie Smith,1851-07-02,1898-05-22,m,I11003,
elizabeth-hunter-lancaster-1851,Elizabeth Hunter Lancaster,1851-10-11,1924-12-21,f,I18382,
ann-thwaites-hunter-1829,Ann Thwaites Hunter,1829-08-24,1903-04-28,f,I70056,
ursula-tait-1814,Ursula Tait,1814-07-31,1895-10-03,f,I5306,
jessie-irvine-1848,Jessie Irvine,1848-10-29,1932-09-28,f,I18088,
peter-hunter-1835,Peter Hunter,1835,1920-03-26,m,I29373,
helen-harrison-1915,Helen Harrison,1915-10-13,1996-04-12,f,I39392,
john-james-anderson-1817,John James Anderson,1817-07-20,1911-07-21,m,I68997,
willa-morrison-anderson-1824,Willa Morrison Anderson,1824-06-08,1912-02-29,f,I70279,
peter-mccullie-1813,Peter McCullie,1813,1871-05-11,m,I154677,
andrew-mccullie-1851,Andrew McCullie,1851,1914-12-24,m,I127131,
christine-flora-mccullie-1906,Christine Flora McCullie,1906-01-23,1976-10-13,f,I35028,
alexander-gordon-paton-1933,Alexander Gordon Paton,1933-04-16,2020-02-06,m,I163393,
catherine-duncan-yorston-1829,Catherine Duncan Yorston,1829,1854-03-01,f,I18446,
robert-pottinger-1818,Robert Pottinger,1818,1903-11-16,m,I155895,
magnus-shearer-1824,Magnus Shearer,1824-05-22,1916-03-12,m,I51546,
robert-shearer-1859,Robert Shearer,1859-02-06,1940-04-22,m,I35384,
daniel-smith-1841,Daniel Smith,1841-08-21,1921-04-17,m,I1415,
patricia-irvine-smith-1917,Patricia Irvine Smith,1917-08-26,2012,f,I20283,
lilias-isabella-leslie-1879,Lilias Isabella Leslie,1879-02-06,1955-10-05,f,I19638,
charles-leslie-1839,Charles Leslie,1839-02-08,1921-10-15,m,I35695,
james-smith-1874,James Smith,1874-11-08,1950-08-13,m,I121766,
helen-sinclair-1866,Helen Sinclair,1866-05-02,1899-07-29,f,I116901,
archibald-sutherland-1856,Archibald Sutherland,1856-12-16,1930-06-29,m,I86180,
alexander-sutherland-1801,Alexander Sutherland,1801-08-05,,m,I85517,Bayanne death bef 1865
john-tulloch-1807,John Tulloch,1807,1881-09-05,m,I78566,
malcolm-tulloch-1770,Malcolm Tulloch,1770,1856-06-02,m,I77309,
catherine-gifford-1801,Catherine Gifford,1801,1877-07-13,f,I10528,
margaret-gifford-1785,Margaret Gifford,1785,1849-02-08,f,I17141,
joseph-anderson-1806,Joseph Anderson,1806-10-03,1891-02-17,m,I31831,
isabella-linklater-1810,Isabella Linklater,1810-04-08,1856-12-29,f,I35767,
elizabeth-helen-bruce-1834,Elizabeth Helen Bruce,1834-08-11,1916-06-14,f,I12479,
john-bruce-wingate-1869,John Bruce Wingate,1869-08-08,1939-09-08,m,I12485,
barbara-linklater-1844,Barbara Linklater,1844-12-27,1874-03-22,f,I18060,
thomas-laurence-harrison-1841,Thomas Laurence Harrison,1841-11-20,1879-02-04,m,I18059,
elizabeth-irvine-1854,Elizabeth Irvine,1854-04-05,1908-11-10,f,I34271,
margaret-helen-bruce-1885,Margaret Helen Bruce,1885-12-03,1971-06-19,f,I57594,
janetta-harriet-hicks-adie-1843,Janetta Harriet Hicks Adie,1843-03-14,1921-06-19,f,I8171,
jean-naneen-catherine-blance-1920,Jean Naneen Catherine Blance,1920-01-17,2008-06-22,f,I172728,
andrew-leslie-1918,Andrew Leslie,1918-11-15,1991-05-25,m,I35726,
florence-emily-dalziel-1882,Florence Emily Dalziel,1882,1954-10-23,f,I12868,
janet-robertson-1841,Janet Robertson,1841,1916-03-06,f,I139072,
alexander-peter-smith-1863,Alexander Peter Smith,1863-01-15,1948-01-25,m,I1383,
alexander-sutherland-1842,Alexander Sutherland,1842-04-23,1931-02-14,m,I36890,
margaret-sutherland-1881,Margaret Sutherland,1881-09-15,1949-09-06,f,I40068,
james-johnston-smith-1828,James Johnston Smith,1828-12-02,1896-09-09,m,I86786,
margaret-barbara-smith-1861,Margaret Barbara Smith,1861-10-13,1925-01-14,f,I78583,
robert-williamson-1840,Robert Williamson,1840-01-10,1923-05-13,m,I5022,
johannah-williamson-1881,Johannah Williamson,1881,1958-05-05,f,I18774,
john-robert-peterson-1864,John Robert Peterson,1864-03-04,1946-04-08,m,I126603,
thomas-mountford-adie-1815,Thomas Mountford Adie,1815-06-09,1884-02-05,m,I8172,
laurence-edmondston-1868,Laurence Edmondston,1868-07-02,1915-05-18,m,I10727,
margaret-lendrum-logie-hamilton-1838,Margaret Lendrum Logie Hamilton,1838-04-03,1871-12-02,f,I10714,
grace-elizabeth-scott-duncan-1893,Grace Elizabeth Scott Duncan,1893-05-29,1970-02-20,f,I10544,
laurence-laurenson-1894,Laurence Laurenson,1894-02-03,1973-04-20,m,I30826,
jean-sandison-1888,Jean Sandison,1888-06-11,1967-10-16,f,I121392,
william-ogilvy-sandison-1856,William Ogilvy Sandison,1856,1928-12-05,m,I95996,
norman-james-smith-1949,Norman James Smith,1949-12-07,1991-08-28,m,I27094,
helen-sandra-manson-1952,Helen Sandra Manson,1952-09-21,2010-05-27,f,I27095,
james-manson-1921,James Manson,1921-06-12,2009-04-26,m,I174536,
mitchell-williamson-1845,Mitchell Williamson,1845-08-16,1927-10-15,m,I33517,
james-williamson-1793,James Williamson,1793-07-19,,m,I12675,Bayanne death aft 1851
margaret-ingram-williamson-1819,Margaret Ingram Williamson,1819,1873-07-17,f,I94006,
william-mouat-cameron-1854,William Mouat Cameron,1854-11-03,1915-11-16,m,I39749,
george-keith-anderson-1893,George Keith Anderson,1893-10-15,1969-01-03,m,I40220,
adaline-jane-georgeson-1893,Adaline Jane Georgeson,1893-05-14,1978-05-10,f,I40198,
johan-isbister-sutherland-1904,Johan Isbister Sutherland,1904,1976-09-06,f,I118862,
jessie-may-sutherland-1909,Jessie May Sutherland,1909-08-17,1974-10-12,f,I30540,
kathleen-hunter-1915,Kathleen Hunter,1915-12-16,1999-10-05,f,I36204,
josephine-mary-hunter-1919,Josephine Mary Hunter,1919-02-18,2003-07-07,f,I40071,
robert-george-cruikshank-hamilton-1836,Robert George Cruikshank Hamilton,1836-08-30,1895-04-22,m,I18044,
gavin-henderson-1802,Gavin Henderson,1802-08-17,1874-10-03,m,I89659,
thomas-henderson-1840,Thomas Henderson,1840-01-12,1915-01-19,m,I89663,
robert-gavin-henderson-1869,Robert Gavin Henderson,1869-09-06,1953-03-28,m,I97943,
william-duncan-1790,William Duncan,1790-10-31,1846-09-13,m,I41496,
john-tait-duncan-1822,John Tait Duncan,1822,1896-10-20,m,I9101,
emily-mary-ann-hicks-1837,Emily Mary Ann Hicks,1837-03-05,1916,f,I9100,
janetta-harriet-adie-1808,Janetta Harriet Adie,1808-06-05,1837-09-21,f,I9097,
catherine-ursula-duncan-1825,Catherine Ursula Duncan,1825,1907-02-28,f,I41498,
elizabeth-mouat-cameron-1813,Elizabeth Mouat Cameron,1813-01-12,1898-03-08,f,I18047,
william-cameron-1780,William Cameron,1780,1855-07-07,m,I18049,
mary-myrtle-viney-smith-1912,Mary Myrtle Viney Smith,1912-07-05,1983-11-01,f,I318217,
