searched_on,publication,keywords,start_date,end_date,question,result,evidence_file
2026-09-28,shetland-times,disqualified,1886-08-01,1886-11-30,Why and when John Harrison (i) was disqualified (1886),nothing on him (school scholars only); dates at month precision as recorded,ltc-1886-duncan-harrison.md
2026-09-28,shetland-times,disqualification,1886-06-01,1886-12-31,Why and when John Harrison (i) was disqualified (1886),no results; dates at month precision as recorded,ltc-1886-duncan-harrison.md
2026-09-28,shetland-times,harrison,1886-10-09,1886-11-06,Why and when John Harrison (i) was disqualified (1886),adverts and G. Harrison only,ltc-1886-duncan-harrison.md
2026-09-28,shetland-times,harrison absence,1886-01-01,1886-12-31,Why and when John Harrison (i) was disqualified (1886),nothing on him; range recorded as 1886,ltc-1886-duncan-harrison.md
2026-09-28,shetland-times,harrison sequestration,1886-01-01,1886-12-31,Why and when John Harrison (i) was disqualified (1886),only Frederick Adie's sequestration (ST 2 Oct 1886); range recorded as 1886,ltc-1886-duncan-harrison.md
2026-09-28,shetland-times,whyte,1898-06-01,1898-09-30,Date of Rev. Charles Whyte's appointment for Dunrossness North (1898),nothing; 1898 may not be digitised; dates at month precision as recorded,zcc-by-elections.md
2026-09-28,shetland-times,county council dunrossness,1898-06-01,1898-09-30,Date of Rev. Charles Whyte's appointment for Dunrossness North (1898),nothing; dates at month precision as recorded,zcc-by-elections.md
2026-09-28,shetland-times,pottinger,1921-03-01,1921-07-31,Day of J. J. Pottinger's retiral from the Town Council (1921),no letter or date found; dates at month precision as recorded,ltc-1919-1921.md
2026-09-28,shetland-times,pottinger resignation,1921-03-01,1921-07-31,Day of J. J. Pottinger's retiral from the Town Council (1921),nothing; dates at month precision as recorded,ltc-1919-1921.md
2026-09-28,shetland-times,town council vacancy,1921-03-01,1921-07-31,Day of J. J. Pottinger's retiral from the Town Council (1921),nothing on the retiral; dates at month precision as recorded,ltc-1919-1921.md
2026-09-28,shetland-times,shearer resignation,1947-05-20,1947-07-25,Day of Magnus Shearer (i)'s resignation from the Town Council (1947),nothing on the day,ltc-1947-shearer-dalziel.md
2026-09-28,shetland-times,shearer resigned,1947-05-20,1947-07-25,Day of Magnus Shearer (i)'s resignation from the Town Council (1947),nothing on the day,ltc-1947-shearer-dalziel.md
2026-09-28,shetland-times,council resignation,1947-06-06,1947-07-04,Day of Magnus Shearer (i)'s resignation from the Town Council (1947),nothing on the day,ltc-1947-shearer-dalziel.md
2026-09-28,shetland-times,shearer councillor,1947-05-20,1947-07-04,Day of Magnus Shearer (i)'s resignation from the Town Council (1947),nothing on the day,ltc-1947-shearer-dalziel.md
2026-09-28,shetland-times,shearer,1947-06-13,1947-06-27,Day of Magnus Shearer (i)'s resignation from the Town Council (1947),17 hits: shop adverts and the County Council and sports,ltc-1947-shearer-dalziel.md
2026-09-27,shetland-times,daniel resignation,1962-05-11,1962-08-17,Day of James Daniel's resignation (1962),only ST 10 Aug 1962 mentions it,ltc-1958-1962-resignations.md
2026-09-27,shetland-times,daniel council,1962-05-11,1962-08-03,Day of James Daniel's resignation (1962),nothing on the resignation,ltc-1958-1962-resignations.md
2026-09-27,shetland-times,daniel,1962-06-29,1962-08-03,Day of James Daniel's resignation (1962),nothing on the resignation,ltc-1958-1962-resignations.md
2026-09-27,shetland-times,resignation councillor,1962-06-01,1962-08-10,Day of James Daniel's resignation (1962),nothing on the resignation,ltc-1958-1962-resignations.md
2026-09-28,shetland-times,town council,1962-07-06,1962-08-03,Day of James Daniel's resignation (1962),15 results; none about Daniel,ltc-1958-1962-resignations.md
2026-09-28,shetland-times,resignation,1962-06-01,1962-08-10,Day of James Daniel's resignation (1962),12 results; none about Daniel,ltc-1958-1962-resignations.md
2026-09-28,shetland-times,resigned,1962-06-29,1962-08-10,Day of James Daniel's resignation (1962),4 results; none about Daniel,ltc-1958-1962-resignations.md
2026-09-28,shetland-times,town council lots,1971-04-01,1971-07-31,How the five 1971 LTC seats were split (who got the two-year seats),no report of a draw; dates at month precision as recorded,ltc-1969-1973.md
2026-09-28,shetland-times,town council vacancy,1879-11-08,1880-02-28,Was Laurenson's 1879 vacancy filled by co-option before the 1880 general,nothing; Goudie was nominated for it at the Nov 1880 general,ltc-1874-1883.md
2026-09-28,shetland-times,commissioners police,1880-11-20,1880-12-04,Day of the meeting that elected William Duncan (i) for Goudie (Nov 1880),"not found; ST 11 Dec 1880 says only ""at last meeting""",ltc-1874-1883.md
2026-09-28,shetland-times,town council duncan,1880-11-06,1880-12-11,Day of the meeting that elected William Duncan (i) for Goudie (Nov 1880),only ST 11 Dec 1880 (meeting day not stated),ltc-1874-1883.md
